,start_date,end_date,avg_neg,avg_neu,avg_pos,num_data
0,2010-01-01,2010-01-11,,,,0
1,2010-01-06,2010-01-16,,,,0
2,2010-01-11,2010-01-21,,,,0
3,2010-01-16,2010-01-26,,,,0
4,2010-01-21,2010-01-31,,,,0
5,2010-01-26,2010-02-05,,,,0
6,2010-01-31,2010-02-10,,,,0
7,2010-02-05,2010-02-15,,,,0
8,2010-02-10,2010-02-20,,,,0
9,2010-02-15,2010-02-25,,,,0
10,2010-02-20,2010-03-02,,,,0
11,2010-02-25,2010-03-07,,,,0
12,2010-03-02,2010-03-12,,,,0
13,2010-03-07,2010-03-17,,,,0
14,2010-03-12,2010-03-22,,,,0
15,2010-03-17,2010-03-27,,,,0
16,2010-03-22,2010-04-01,,,,0
17,2010-03-27,2010-04-06,,,,0
18,2010-04-01,2010-04-11,,,,0
19,2010-04-06,2010-04-16,,,,0
20,2010-04-11,2010-04-21,,,,0
21,2010-04-16,2010-04-26,,,,0
22,2010-04-21,2010-05-01,,,,0
23,2010-04-26,2010-05-06,,,,0
24,2010-05-01,2010-05-11,,,,0
25,2010-05-06,2010-05-16,,,,0
26,2010-05-11,2010-05-21,,,,0
27,2010-05-16,2010-05-26,,,,0
28,2010-05-21,2010-05-31,,,,0
29,2010-05-26,2010-06-05,,,,0
30,2010-05-31,2010-06-10,,,,0
31,2010-06-05,2010-06-15,,,,0
32,2010-06-10,2010-06-20,,,,0
33,2010-06-15,2010-06-25,,,,0
34,2010-06-20,2010-06-30,,,,0
35,2010-06-25,2010-07-05,,,,0
36,2010-06-30,2010-07-10,,,,0
37,2010-07-05,2010-07-15,,,,0
38,2010-07-10,2010-07-20,,,,0
39,2010-07-15,2010-07-25,,,,0
40,2010-07-20,2010-07-30,0.081,0.78,0.139,1
41,2010-07-25,2010-08-04,0.081,0.78,0.139,1
42,2010-07-30,2010-08-09,,,,0
43,2010-08-04,2010-08-14,,,,0
44,2010-08-09,2010-08-19,,,,0
45,2010-08-14,2010-08-24,,,,0
46,2010-08-19,2010-08-29,,,,0
47,2010-08-24,2010-09-03,,,,0
48,2010-08-29,2010-09-08,,,,0
49,2010-09-03,2010-09-13,,,,0
50,2010-09-08,2010-09-18,0.0,1.0,0.0,1
51,2010-09-13,2010-09-23,0.0,1.0,0.0,1
52,2010-09-18,2010-09-28,,,,0
53,2010-09-23,2010-10-03,,,,0
54,2010-09-28,2010-10-08,,,,0
55,2010-10-03,2010-10-13,,,,0
56,2010-10-08,2010-10-18,,,,0
57,2010-10-13,2010-10-23,,,,0
58,2010-10-18,2010-10-28,,,,0
59,2010-10-23,2010-11-02,,,,0
60,2010-10-28,2010-11-07,0.0,0.377,0.623,1
61,2010-11-02,2010-11-12,0.0,0.377,0.623,1
62,2010-11-07,2010-11-17,,,,0
63,2010-11-12,2010-11-22,,,,0
64,2010-11-17,2010-11-27,,,,0
65,2010-11-22,2010-12-02,,,,0
66,2010-11-27,2010-12-07,,,,0
67,2010-12-02,2010-12-12,,,,0
68,2010-12-07,2010-12-17,,,,0
69,2010-12-12,2010-12-22,,,,0
70,2010-12-17,2010-12-27,,,,0
71,2010-12-22,2011-01-01,,,,0
72,2010-12-27,2011-01-06,,,,0
73,2011-01-01,2011-01-11,,,,0
74,2011-01-06,2011-01-16,0.0,1.0,0.0,1
75,2011-01-11,2011-01-21,0.0,1.0,0.0,1
76,2011-01-16,2011-01-26,,,,0
77,2011-01-21,2011-01-31,,,,0
78,2011-01-26,2011-02-05,,,,0
79,2011-01-31,2011-02-10,,,,0
80,2011-02-05,2011-02-15,,,,0
81,2011-02-10,2011-02-20,,,,0
82,2011-02-15,2011-02-25,,,,0
83,2011-02-20,2011-03-02,,,,0
84,2011-02-25,2011-03-07,,,,0
85,2011-03-02,2011-03-12,,,,0
86,2011-03-07,2011-03-17,,,,0
87,2011-03-12,2011-03-22,,,,0
88,2011-03-17,2011-03-27,,,,0
89,2011-03-22,2011-04-01,0.508,0.49200000000000005,0.0,1
90,2011-03-27,2011-04-06,0.508,0.49200000000000005,0.0,1
91,2011-04-01,2011-04-11,,,,0
92,2011-04-06,2011-04-16,,,,0
93,2011-04-11,2011-04-21,,,,0
94,2011-04-16,2011-04-26,,,,0
95,2011-04-21,2011-05-01,,,,0
96,2011-04-26,2011-05-06,,,,0
97,2011-05-01,2011-05-11,,,,0
98,2011-05-06,2011-05-16,,,,0
99,2011-05-11,2011-05-21,,,,0
100,2011-05-16,2011-05-26,,,,0
101,2011-05-21,2011-05-31,,,,0
102,2011-05-26,2011-06-05,,,,0
103,2011-05-31,2011-06-10,,,,0
104,2011-06-05,2011-06-15,0.0,1.0,0.0,2
105,2011-06-10,2011-06-20,0.0,1.0,0.0,2
106,2011-06-15,2011-06-25,,,,0
107,2011-06-20,2011-06-30,,,,0
108,2011-06-25,2011-07-05,,,,0
109,2011-06-30,2011-07-10,0.239,0.7609999999999999,0.0,1
110,2011-07-05,2011-07-15,0.239,0.7609999999999999,0.0,1
111,2011-07-10,2011-07-20,,,,0
112,2011-07-15,2011-07-25,,,,0
113,2011-07-20,2011-07-30,,,,0
114,2011-07-25,2011-08-04,,,,0
115,2011-07-30,2011-08-09,,,,0
116,2011-08-04,2011-08-14,,,,0
117,2011-08-09,2011-08-19,,,,0
118,2011-08-14,2011-08-24,,,,0
119,2011-08-19,2011-08-29,,,,0
120,2011-08-24,2011-09-03,,,,0
121,2011-08-29,2011-09-08,,,,0
122,2011-09-03,2011-09-13,,,,0
123,2011-09-08,2011-09-18,0.466,0.345,0.19,1
124,2011-09-13,2011-09-23,0.2535,0.564,0.1835,2
125,2011-09-18,2011-09-28,0.020499999999999997,0.8915,0.0885,2
126,2011-09-23,2011-10-03,0.0,1.0,0.0,2
127,2011-09-28,2011-10-08,0.015333333333333332,0.935,0.049666666666666665,3
128,2011-10-03,2011-10-13,0.023,0.9025000000000001,0.0745,2
129,2011-10-08,2011-10-18,,,,0
130,2011-10-13,2011-10-23,,,,0
131,2011-10-18,2011-10-28,,,,0
132,2011-10-23,2011-11-02,0.0,0.7675000000000001,0.2325,2
133,2011-10-28,2011-11-07,0.0,0.7593333333333333,0.24066666666666667,3
134,2011-11-02,2011-11-12,0.0,0.8714999999999999,0.1285,2
135,2011-11-07,2011-11-17,0.0,1.0,0.0,1
136,2011-11-12,2011-11-22,0.0,1.0,0.0,1
137,2011-11-17,2011-11-27,0.0,1.0,0.0,1
138,2011-11-22,2011-12-02,,,,0
139,2011-11-27,2011-12-07,0.08199999999999999,0.802,0.11599999999999999,1
140,2011-12-02,2011-12-12,0.040999999999999995,0.901,0.057999999999999996,2
141,2011-12-07,2011-12-17,0.0,1.0,0.0,1
142,2011-12-12,2011-12-22,0.0,0.9079999999999999,0.092,1
143,2011-12-17,2011-12-27,0.061,0.8674999999999999,0.07100000000000001,2
144,2011-12-22,2012-01-01,0.08349999999999999,0.8385,0.078,2
145,2011-12-27,2012-01-06,0.10449999999999998,0.7989999999999999,0.0975,2
146,2012-01-01,2012-01-11,0.27249999999999996,0.6835,0.044500000000000005,2
147,2012-01-06,2012-01-16,0.381,0.619,0.0,1
148,2012-01-11,2012-01-21,,,,0
149,2012-01-16,2012-01-26,0.067,0.8535,0.08,2
150,2012-01-21,2012-01-31,0.067,0.8535,0.08,2
151,2012-01-26,2012-02-05,,,,0
152,2012-01-31,2012-02-10,0.22000000000000003,0.7715000000000001,0.0085,2
153,2012-02-05,2012-02-15,0.22000000000000003,0.7715000000000001,0.0085,2
154,2012-02-10,2012-02-20,0.09500000000000001,0.8343333333333334,0.07100000000000001,3
155,2012-02-15,2012-02-25,0.09500000000000001,0.8343333333333334,0.07100000000000001,3
156,2012-02-20,2012-03-01,,,,0
157,2012-02-25,2012-03-06,0.135,0.8083333333333332,0.056666666666666664,3
158,2012-03-01,2012-03-11,0.135,0.8083333333333332,0.056666666666666664,3
159,2012-03-06,2012-03-16,0.063,0.861,0.076,1
160,2012-03-11,2012-03-21,0.063,0.861,0.076,1
161,2012-03-16,2012-03-26,,,,0
162,2012-03-21,2012-03-31,0.052000000000000005,0.831,0.11699999999999999,1
163,2012-03-26,2012-04-05,0.05825,0.837,0.10499999999999998,4
164,2012-03-31,2012-04-10,0.047125,0.873375,0.079625,8
165,2012-04-05,2012-04-15,0.049999999999999996,0.8734999999999999,0.07625,8
166,2012-04-10,2012-04-20,0.094,0.8173999999999999,0.08820000000000001,5
167,2012-04-15,2012-04-25,0.133,0.7845,0.0825,2
168,2012-04-20,2012-04-30,0.006999999999999999,0.9585,0.0345,2
169,2012-04-25,2012-05-05,0.006999999999999999,0.9585,0.0345,2
170,2012-04-30,2012-05-10,0.043666666666666666,0.807,0.14933333333333335,3
171,2012-05-05,2012-05-15,0.043666666666666666,0.807,0.14933333333333335,3
172,2012-05-10,2012-05-20,0.023666666666666666,0.761,0.21533333333333335,3
173,2012-05-15,2012-05-25,0.023666666666666666,0.761,0.21533333333333335,3
174,2012-05-20,2012-05-30,,,,0
175,2012-05-25,2012-06-04,0.091,0.8009999999999999,0.10800000000000001,1
176,2012-05-30,2012-06-09,0.091,0.8009999999999999,0.10800000000000001,1
177,2012-06-04,2012-06-14,0.15366666666666665,0.7616666666666667,0.08466666666666667,3
178,2012-06-09,2012-06-19,0.09219999999999999,0.7396,0.1682,5
179,2012-06-14,2012-06-24,0.0,0.7065,0.2935,2
180,2012-06-19,2012-06-29,,,,0
181,2012-06-24,2012-07-04,,,,0
182,2012-06-29,2012-07-09,,,,0
183,2012-07-04,2012-07-14,,,,0
184,2012-07-09,2012-07-19,,,,0
185,2012-07-14,2012-07-24,,,,0
186,2012-07-19,2012-07-29,,,,0
187,2012-07-24,2012-08-03,,,,0
188,2012-07-29,2012-08-08,,,,0
189,2012-08-03,2012-08-13,,,,0
190,2012-08-08,2012-08-18,,,,0
191,2012-08-13,2012-08-23,,,,0
192,2012-08-18,2012-08-28,0.059000000000000004,0.853,0.08800000000000001,1
193,2012-08-23,2012-09-02,0.10425000000000001,0.76775,0.128,4
194,2012-08-28,2012-09-07,0.0874,0.8053999999999999,0.1072,5
195,2012-09-02,2012-09-12,0.055333333333333325,0.8786666666666667,0.06633333333333333,3
196,2012-09-07,2012-09-17,0.087,0.8270000000000001,0.087,1
197,2012-09-12,2012-09-22,0.0,0.6609999999999999,0.33899999999999997,1
198,2012-09-17,2012-09-27,0.02766666666666667,0.7936666666666666,0.17900000000000002,3
199,2012-09-22,2012-10-02,0.02766666666666667,0.8573333333333334,0.11533333333333334,3
200,2012-09-27,2012-10-07,0.01,0.8574999999999999,0.132,2
201,2012-10-02,2012-10-12,0.02,0.863,0.11599999999999999,1
202,2012-10-07,2012-10-17,,,,0
203,2012-10-12,2012-10-22,0.0785,0.8135,0.108,4
204,2012-10-17,2012-10-27,0.0565,0.8611249999999999,0.082375,8
205,2012-10-22,2012-11-01,0.0345,0.9087500000000001,0.05675,4
206,2012-10-27,2012-11-06,0.035,0.838,0.127,1
207,2012-11-01,2012-11-11,0.035,0.838,0.127,1
208,2012-11-06,2012-11-16,0.016800000000000002,0.9254,0.057800000000000004,5
209,2012-11-11,2012-11-21,0.06207692307692308,0.8613846153846153,0.07646153846153847,13
210,2012-11-16,2012-11-26,0.07410000000000001,0.843,0.0829,10
211,2012-11-21,2012-12-01,0.045714285714285714,0.8705714285714284,0.08371428571428571,7
212,2012-11-26,2012-12-06,0.060399999999999995,0.8469999999999999,0.0924,5
213,2012-12-01,2012-12-11,0.0,0.962,0.038,2
214,2012-12-06,2012-12-16,0.03125,0.9312499999999999,0.03725,4
215,2012-12-11,2012-12-21,0.08125,0.855,0.063625,8
216,2012-12-16,2012-12-26,0.0573125,0.845625,0.0970625,16
217,2012-12-21,2012-12-31,0.051666666666666666,0.8467619047619047,0.10157142857142858,21
218,2012-12-26,2013-01-05,0.06656,0.8690399999999999,0.06428,25
219,2012-12-31,2013-01-10,0.0818095238095238,0.8768095238095238,0.04119047619047619,21
220,2013-01-05,2013-01-15,0.11423076923076926,0.8217692307692306,0.06392307692307693,13
221,2013-01-10,2013-01-20,0.1022,0.8139000000000001,0.084,10
222,2013-01-15,2013-01-25,0.071,0.8585,0.07075000000000001,4
223,2013-01-20,2013-01-30,,,,0
224,2013-01-25,2013-02-04,,,,0
225,2013-01-30,2013-02-09,,,,0
226,2013-02-04,2013-02-14,0.078,0.871,0.05,1
227,2013-02-09,2013-02-19,0.1364,0.7485999999999999,0.11480000000000001,5
228,2013-02-14,2013-02-24,0.1568,0.7091999999999999,0.134,5
229,2013-02-19,2013-03-01,0.0905714285714286,0.8342857142857143,0.07514285714285715,7
230,2013-02-24,2013-03-06,0.07566666666666667,0.8610000000000001,0.06333333333333334,6
231,2013-03-01,2013-03-11,0.055999999999999994,0.944,0.0,2
232,2013-03-06,2013-03-16,0.0664,0.9198000000000001,0.013799999999999998,5
233,2013-03-11,2013-03-21,0.07333333333333335,0.9036666666666666,0.022999999999999996,3
234,2013-03-16,2013-03-26,,,,0
235,2013-03-21,2013-03-31,,,,0
236,2013-03-26,2013-04-05,,,,0
237,2013-03-31,2013-04-10,0.023600000000000003,0.9461999999999999,0.030199999999999998,5
238,2013-04-05,2013-04-15,0.023600000000000003,0.9461999999999999,0.030199999999999998,5
239,2013-04-10,2013-04-20,,,,0
240,2013-04-15,2013-04-25,,,,0
241,2013-04-20,2013-04-30,0.188,0.778,0.033,1
242,2013-04-25,2013-05-05,0.094,0.8355,0.07,2
243,2013-04-30,2013-05-10,0.0,0.893,0.107,1
244,2013-05-05,2013-05-15,0.0745,0.772,0.1535,2
245,2013-05-10,2013-05-20,0.04466666666666667,0.8438333333333334,0.11166666666666668,6
246,2013-05-15,2013-05-25,0.0712,0.8288,0.10019999999999998,5
247,2013-05-20,2013-05-30,0.1271111111111111,0.7665555555555555,0.10644444444444445,9
248,2013-05-25,2013-06-04,0.0937222222222222,0.8341111111111111,0.07222222222222224,18
249,2013-05-30,2013-06-09,0.08085714285714285,0.8834761904761905,0.03561904761904763,21
250,2013-06-04,2013-06-14,0.07061538461538462,0.8815384615384616,0.04776923076923077,13
251,2013-06-09,2013-06-19,0.0,0.8235,0.1765,2
252,2013-06-14,2013-06-24,0.06,0.7493333333333333,0.19066666666666665,3
253,2013-06-19,2013-06-29,0.07920833333333334,0.8115416666666667,0.10920833333333334,24
254,2013-06-24,2013-07-04,0.07684615384615386,0.8315384615384614,0.09157692307692308,26
255,2013-06-29,2013-07-09,0.0706875,0.8698125000000001,0.0595,16
256,2013-07-04,2013-07-14,0.06889473684210526,0.8640526315789474,0.06710526315789474,19
257,2013-07-09,2013-07-19,0.056874999999999995,0.861375,0.081875,8
258,2013-07-14,2013-07-24,,,,0
259,2013-07-19,2013-07-29,,,,0
260,2013-07-24,2013-08-03,,,,0
261,2013-07-29,2013-08-08,0.04175,0.90925,0.049,4
262,2013-08-03,2013-08-13,0.07336363636363635,0.7932727272727272,0.13336363636363638,11
263,2013-08-08,2013-08-18,0.07246666666666665,0.7888,0.13879999999999998,15
264,2013-08-13,2013-08-23,0.0518,0.857,0.0913,10
265,2013-08-18,2013-08-28,0.02366666666666667,0.9423333333333334,0.033999999999999996,3
266,2013-08-23,2013-09-02,0.0,1.0,0.0,1
267,2013-08-28,2013-09-07,,,,0
268,2013-09-02,2013-09-12,0.0399375,0.8661875000000001,0.09393750000000001,16
269,2013-09-07,2013-09-17,0.056115384615384616,0.8416153846153845,0.10238461538461538,26
270,2013-09-12,2013-09-22,0.07185714285714286,0.8455000000000001,0.08278571428571428,14
271,2013-09-17,2013-09-27,0.049999999999999996,0.8917692307692309,0.05823076923076923,13
272,2013-09-22,2013-10-02,0.06676923076923078,0.8416153846153847,0.09161538461538463,13
273,2013-09-27,2013-10-07,0.051545454545454554,0.8943636363636362,0.054,11
274,2013-10-02,2013-10-12,0.049333333333333326,0.8952666666666667,0.0554,15
275,2013-10-07,2013-10-17,0.065625,0.8165,0.11787500000000001,16
276,2013-10-12,2013-10-22,0.04107692307692308,0.8292307692307692,0.12961538461538463,13
277,2013-10-17,2013-10-27,0.024399999999999998,0.8889333333333332,0.08653333333333334,15
278,2013-10-22,2013-11-01,0.0655,0.8514999999999999,0.08285714285714285,14
279,2013-10-27,2013-11-06,0.11433333333333333,0.825111111111111,0.06055555555555555,9
280,2013-11-01,2013-11-11,0.04716666666666667,0.90775,0.04516666666666667,24
281,2013-11-06,2013-11-16,0.05178125,0.901375,0.04690625,32
282,2013-11-11,2013-11-21,0.06765217391304348,0.8506521739130435,0.08165217391304348,23
283,2013-11-16,2013-11-26,0.0478148148148148,0.851925925925926,0.10022222222222223,27
284,2013-11-21,2013-12-01,0.05063333333333332,0.8607999999999999,0.0886,30
285,2013-11-26,2013-12-06,0.05423809523809523,0.8425238095238095,0.10328571428571429,21
286,2013-12-01,2013-12-11,0.054625,0.8336666666666667,0.11183333333333333,24
287,2013-12-06,2013-12-16,0.06579166666666666,0.8417499999999999,0.09254166666666667,24
288,2013-12-11,2013-12-21,0.07625000000000001,0.8448,0.07885,20
289,2013-12-16,2013-12-26,0.09442105263157896,0.8216842105263158,0.08389473684210527,19
290,2013-12-21,2013-12-31,0.05961538461538462,0.8733846153846152,0.06707692307692309,26
291,2013-12-26,2014-01-05,0.057125,0.871625,0.07134375,32
292,2013-12-31,2014-01-10,0.0606923076923077,0.8213846153846153,0.1180769230769231,26
293,2014-01-05,2014-01-15,0.03773333333333333,0.8199666666666666,0.14233333333333334,30
294,2014-01-10,2014-01-20,0.043666666666666666,0.8433636363636363,0.113,33
295,2014-01-15,2014-01-25,0.06340000000000001,0.8494799999999999,0.08719999999999999,25
296,2014-01-20,2014-01-30,0.09726666666666665,0.8214666666666667,0.08120000000000001,15
297,2014-01-25,2014-02-04,0.0685,0.8458749999999999,0.08549999999999999,16
298,2014-01-30,2014-02-09,0.06078571428571428,0.8753571428571431,0.06371428571428571,28
299,2014-02-04,2014-02-14,0.060833333333333336,0.8714666666666667,0.06756666666666668,30
300,2014-02-09,2014-02-19,0.05412903225806451,0.852548387096774,0.09335483870967742,31
301,2014-02-14,2014-02-24,0.05763636363636364,0.8518636363636364,0.09059090909090908,44
302,2014-02-19,2014-03-01,0.062361702127659575,0.8383191489361701,0.09936170212765959,47
303,2014-02-24,2014-03-06,0.06202941176470588,0.8376764705882352,0.10026470588235295,34
304,2014-03-01,2014-03-11,0.07705263157894737,0.8471578947368421,0.07571052631578946,38
305,2014-03-06,2014-03-16,0.0681578947368421,0.8620175438596492,0.06977192982456142,57
306,2014-03-11,2014-03-21,0.06606349206349206,0.8494920634920635,0.08442857142857144,63
307,2014-03-16,2014-03-26,0.07195348837209303,0.835279069767442,0.09276744186046512,43
308,2014-03-21,2014-03-31,0.06486363636363636,0.8679545454545455,0.06727272727272726,22
309,2014-03-26,2014-04-05,0.07775,0.8586875,0.063625,16
310,2014-03-31,2014-04-10,0.04603999999999999,0.8639600000000001,0.09,25
311,2014-04-05,2014-04-15,0.05120512820512821,0.8621794871794872,0.08661538461538462,39
312,2014-04-10,2014-04-20,0.064,0.8490689655172414,0.08689655172413793,29
313,2014-04-15,2014-04-25,0.05890697674418603,0.8509302325581395,0.09016279069767442,43
314,2014-04-20,2014-04-30,0.06446938775510204,0.846591836734694,0.08893877551020407,49
315,2014-04-25,2014-05-05,0.065225,0.8280750000000001,0.106775,40
316,2014-04-30,2014-05-10,0.05834090909090908,0.8263181818181817,0.11538636363636363,44
317,2014-05-05,2014-05-15,0.07008510638297873,0.8365106382978724,0.09344680851063833,47
318,2014-05-10,2014-05-20,0.060880000000000004,0.8590000000000001,0.0801,50
319,2014-05-15,2014-05-25,0.07668181818181818,0.8379242424242423,0.08533333333333333,66
320,2014-05-20,2014-05-30,0.07861016949152543,0.8275593220338983,0.09384745762711863,59
321,2014-05-25,2014-06-04,0.05920481927710843,0.8450361445783131,0.09580722891566265,83
322,2014-05-30,2014-06-09,0.05130107526881721,0.8580645161290322,0.09066666666666667,93
323,2014-06-04,2014-06-14,0.02561904761904762,0.889095238095238,0.0852857142857143,42
324,2014-06-09,2014-06-19,0.04693939393939395,0.897090909090909,0.055939393939393935,33
325,2014-06-14,2014-06-24,0.04888461538461538,0.9135769230769231,0.03746153846153846,26
326,2014-06-19,2014-06-29,0.05848148148148149,0.89,0.051444444444444445,27
327,2014-06-24,2014-07-04,0.06289285714285715,0.8676428571428572,0.06942857142857142,28
328,2014-06-29,2014-07-09,0.08176666666666667,0.8391333333333332,0.07906666666666667,30
329,2014-07-04,2014-07-14,0.10834285714285714,0.8075142857142857,0.08408571428571428,35
330,2014-07-09,2014-07-19,0.07701923076923077,0.8340000000000001,0.08890384615384615,52
331,2014-07-14,2014-07-24,0.05567164179104478,0.8571940298507463,0.08708955223880598,67
332,2014-07-19,2014-07-29,0.050904761904761904,0.8522222222222222,0.09690476190476191,63
333,2014-07-24,2014-08-03,0.053037735849056605,0.8583396226415094,0.08858490566037734,53
334,2014-07-29,2014-08-08,0.06249180327868852,0.8664426229508198,0.07098360655737704,61
335,2014-08-03,2014-08-13,0.05858571428571428,0.8703428571428572,0.07105714285714285,70
336,2014-08-08,2014-08-18,0.049218181818181814,0.8912000000000001,0.05959999999999999,55
337,2014-08-13,2014-08-23,0.06448148148148147,0.8599814814814815,0.07559259259259259,54
338,2014-08-18,2014-08-28,0.07412698412698414,0.8294603174603176,0.09644444444444446,63
339,2014-08-23,2014-09-02,0.06258620689655173,0.8404310344827586,0.0969655172413793,58
340,2014-08-28,2014-09-07,0.06532307692307693,0.8534923076923078,0.08116923076923077,65
341,2014-09-02,2014-09-12,0.05823655913978495,0.8584086021505376,0.08334408602150538,93
342,2014-09-07,2014-09-17,0.05766666666666667,0.8552647058823529,0.08706862745098039,102
343,2014-09-12,2014-09-22,0.06439175257731959,0.8500721649484535,0.08558762886597937,97
344,2014-09-17,2014-09-27,0.060575000000000004,0.850725,0.0887375,80
345,2014-09-22,2014-10-02,0.077,0.8239848484848484,0.09903030303030304,66
346,2014-09-27,2014-10-07,0.06826881720430107,0.8333655913978496,0.09837634408602151,93
347,2014-10-02,2014-10-12,0.0647909090909091,0.8470090909090908,0.08816363636363636,110
348,2014-10-07,2014-10-17,0.07146268656716419,0.8405970149253731,0.08792537313432836,67
349,2014-10-12,2014-10-22,0.05568421052631579,0.8423333333333333,0.10196491228070176,57
350,2014-10-17,2014-10-27,0.05838823529411765,0.8670470588235294,0.07449411764705882,85
351,2014-10-22,2014-11-01,0.05932,0.8689599999999997,0.07171999999999998,75
352,2014-10-27,2014-11-06,0.0690677966101695,0.8401694915254238,0.09081355932203389,59
353,2014-11-01,2014-11-11,0.06726027397260274,0.8565479452054794,0.07613698630136986,73
354,2014-11-06,2014-11-16,0.06495081967213115,0.8520983606557377,0.08286885245901639,61
355,2014-11-11,2014-11-21,0.06954385964912281,0.8611754385964913,0.06933333333333333,57
356,2014-11-16,2014-11-26,0.05266071428571428,0.8931071428571428,0.054339285714285715,56
357,2014-11-21,2014-12-01,0.029641025641025644,0.8905128205128207,0.0798205128205128,39
358,2014-11-26,2014-12-06,0.05168181818181818,0.8408636363636363,0.10745454545454547,44
359,2014-12-01,2014-12-11,0.06621739130434783,0.8595869565217392,0.07419565217391304,46
360,2014-12-06,2014-12-16,0.06515217391304348,0.8906086956521738,0.04421739130434782,46
361,2014-12-11,2014-12-21,0.06775,0.869125,0.06318750000000001,48
362,2014-12-16,2014-12-26,0.06322222222222222,0.8595333333333335,0.07726666666666666,45
363,2014-12-21,2014-12-31,0.05062162162162161,0.8548918918918919,0.09443243243243243,37
364,2014-12-26,2015-01-05,0.05375862068965516,0.8599310344827585,0.08620689655172414,29
365,2014-12-31,2015-01-10,0.07973333333333334,0.8339999999999999,0.08626666666666667,15
366,2015-01-05,2015-01-15,0.0714375,0.8166875,0.1119375,16
367,2015-01-10,2015-01-20,0.05206060606060606,0.8752424242424243,0.07272727272727274,33
368,2015-01-15,2015-01-25,0.05590384615384615,0.85975,0.08430769230769229,52
369,2015-01-20,2015-01-30,0.057347222222222216,0.8486666666666667,0.09395833333333334,72
370,2015-01-25,2015-02-04,0.061492063492063494,0.8503333333333333,0.08820634920634923,63
371,2015-01-30,2015-02-09,0.0651764705882353,0.852313725490196,0.08250980392156863,51
372,2015-02-04,2015-02-14,0.05501587301587302,0.8551428571428572,0.08979365079365081,63
373,2015-02-09,2015-02-19,0.060682539682539685,0.8450634920634921,0.09419047619047619,63
374,2015-02-14,2015-02-24,0.07503703703703704,0.823388888888889,0.10157407407407407,54
375,2015-02-19,2015-03-01,0.07456060606060605,0.8168484848484848,0.10860606060606061,66
376,2015-02-24,2015-03-06,0.06798765432098765,0.8222716049382716,0.10971604938271605,81
377,2015-03-01,2015-03-11,0.07323287671232877,0.8213287671232877,0.1053972602739726,73
378,2015-03-06,2015-03-16,0.06816363636363637,0.8404181818181821,0.09138181818181818,55
379,2015-03-11,2015-03-21,0.05834782608695652,0.8621014492753624,0.07952173913043478,69
380,2015-03-16,2015-03-26,0.05852380952380952,0.8647333333333334,0.07674285714285714,105
381,2015-03-21,2015-03-31,0.065,0.85789156626506,0.07712048192771084,83
382,2015-03-26,2015-04-05,0.06617460317460319,0.8348253968253968,0.09895238095238097,63
383,2015-03-31,2015-04-10,0.0670625,0.82915625,0.10371875,64
384,2015-04-05,2015-04-15,0.07033870967741937,0.832758064516129,0.0968709677419355,62
385,2015-04-10,2015-04-20,0.060030303030303024,0.8364848484848484,0.10348484848484849,66
386,2015-04-15,2015-04-25,0.05577941176470588,0.83825,0.106,68
387,2015-04-20,2015-04-30,0.07964197530864198,0.8248888888888889,0.09554320987654322,81
388,2015-04-25,2015-05-05,0.08463636363636363,0.8340151515151515,0.08143939393939394,66
389,2015-04-30,2015-05-10,0.06183333333333333,0.8563888888888889,0.08183333333333333,72
390,2015-05-05,2015-05-15,0.06261176470588235,0.8543176470588236,0.08311764705882353,85
391,2015-05-10,2015-05-20,0.050813333333333335,0.8703066666666668,0.07888,75
392,2015-05-15,2015-05-25,0.05172289156626505,0.8720481927710845,0.07620481927710844,83
393,2015-05-20,2015-05-30,0.061717391304347814,0.8595434782608696,0.07869565217391304,92
394,2015-05-25,2015-06-04,0.05495555555555555,0.852777777777778,0.09219999999999998,90
395,2015-05-30,2015-06-09,0.04278181818181818,0.8657454545454543,0.09145454545454546,55
396,2015-06-04,2015-06-14,0.0735,0.8788636363636364,0.04768181818181818,22
397,2015-06-09,2015-06-19,0.06313953488372094,0.8622558139534885,0.07458139534883722,43
398,2015-06-14,2015-06-24,0.04973770491803278,0.8527540983606555,0.09742622950819671,61
399,2015-06-19,2015-06-29,0.04663492063492064,0.8378412698412697,0.11547619047619048,63
400,2015-06-24,2015-07-04,0.032135416666666666,0.8465520833333334,0.12134375000000001,96
401,2015-06-29,2015-07-09,0.044698412698412696,0.8416984126984127,0.11364285714285714,126
402,2015-07-04,2015-07-14,0.06456910569105691,0.8343495934959351,0.10109756097560976,123
403,2015-07-09,2015-07-19,0.0672803738317757,0.8436448598130842,0.08909345794392523,107
404,2015-07-14,2015-07-24,0.0655859375,0.8606640624999999,0.07376562499999999,128
405,2015-07-19,2015-07-29,0.06466000000000001,0.8573266666666666,0.078,150
406,2015-07-24,2015-08-03,0.06712337662337663,0.8343701298701298,0.09855194805194804,154
407,2015-07-29,2015-08-08,0.06776923076923076,0.8336083916083917,0.09867132867132866,143
408,2015-08-03,2015-08-13,0.06555474452554745,0.8506788321167883,0.08378102189781023,137
409,2015-08-08,2015-08-18,0.056489208633093535,0.8590143884892085,0.08451079136690648,139
410,2015-08-13,2015-08-23,0.057728571428571435,0.8607642857142858,0.0815142857142857,140
411,2015-08-18,2015-08-28,0.05688059701492537,0.8686641791044777,0.0744776119402985,134
412,2015-08-23,2015-09-02,0.045151260504201686,0.8808319327731092,0.07402521008403362,119
413,2015-08-28,2015-09-07,0.04716260162601626,0.8709349593495935,0.08191869918699188,123
414,2015-09-02,2015-09-12,0.059361111111111114,0.857925925925926,0.08274074074074073,108
415,2015-09-07,2015-09-17,0.07071578947368422,0.8548210526315793,0.07445263157894737,95
416,2015-09-12,2015-09-22,0.067561797752809,0.852494382022472,0.07993258426966293,89
417,2015-09-17,2015-09-27,0.05476415094339621,0.8629245283018868,0.08229245283018867,106
418,2015-09-22,2015-10-02,0.05876576576576577,0.8618108108108109,0.0794054054054054,111
419,2015-09-27,2015-10-07,0.06754166666666667,0.8455,0.08697916666666668,96
420,2015-10-02,2015-10-12,0.07106818181818181,0.837625,0.09131818181818181,88
421,2015-10-07,2015-10-17,0.07463953488372094,0.8360697674418603,0.08929069767441859,86
422,2015-10-12,2015-10-22,0.06365656565656565,0.854060606060606,0.08225252525252526,99
423,2015-10-17,2015-10-27,0.05230973451327433,0.8660176991150442,0.08161061946902656,113
424,2015-10-22,2015-11-01,0.053818181818181814,0.8626573426573425,0.08346153846153846,143
425,2015-10-27,2015-11-06,0.06085271317829457,0.8648759689922481,0.07424806201550387,129
426,2015-11-01,2015-11-11,0.06146153846153846,0.8634615384615386,0.07513461538461538,104
427,2015-11-06,2015-11-16,0.0555607476635514,0.8480934579439252,0.09637383177570094,107
428,2015-11-11,2015-11-21,0.06767647058823531,0.8387941176470587,0.09350980392156863,102
429,2015-11-16,2015-11-26,0.07869811320754717,0.8333679245283018,0.0879433962264151,106
430,2015-11-21,2015-12-01,0.0769672131147541,0.8383606557377049,0.08471311475409837,122
431,2015-11-26,2015-12-06,0.0679921875,0.8516484375000001,0.08035937500000001,128
432,2015-12-01,2015-12-11,0.06432142857142857,0.8473785714285714,0.08822857142857143,140
433,2015-12-06,2015-12-16,0.06842857142857142,0.8369285714285715,0.09457936507936507,126
434,2015-12-11,2015-12-21,0.062104761904761906,0.8419238095238095,0.09595238095238096,105
435,2015-12-16,2015-12-26,0.06434710743801653,0.8541983471074379,0.08142148760330581,121
436,2015-12-21,2015-12-31,0.06234126984126983,0.8628492063492061,0.07476984126984126,126
437,2015-12-26,2016-01-05,0.07434437086092714,0.8426556291390729,0.08298013245033113,151
438,2015-12-31,2016-01-10,0.0719877300613497,0.8527730061349694,0.07524539877300614,163
439,2016-01-05,2016-01-15,0.060406249999999995,0.8543625,0.085225,160
440,2016-01-10,2016-01-20,0.07125,0.839046052631579,0.08969736842105264,152
441,2016-01-15,2016-01-25,0.07309352517985612,0.8583093525179857,0.0686115107913669,139
442,2016-01-20,2016-01-30,0.06382499999999999,0.85861875,0.0775875,160
443,2016-01-25,2016-02-04,0.06092198581560285,0.85045390070922,0.08866666666666666,141
444,2016-01-30,2016-02-09,0.06035877862595421,0.848969465648855,0.09069465648854962,131
445,2016-02-04,2016-02-14,0.06677464788732394,0.8499295774647887,0.08330985915492957,142
446,2016-02-09,2016-02-19,0.06466956521739131,0.8654000000000001,0.06991304347826086,115
447,2016-02-14,2016-02-24,0.06292857142857143,0.8739107142857144,0.06313392857142856,112
448,2016-02-19,2016-02-29,0.06848854961832061,0.8662977099236641,0.06522900763358778,131
449,2016-02-24,2016-03-05,0.07222222222222223,0.8477124183006535,0.08011764705882353,153
450,2016-02-29,2016-03-10,0.063525,0.8502749999999999,0.08622500000000001,160
451,2016-03-05,2016-03-15,0.04903759398496241,0.8765864661654135,0.07435338345864662,133
452,2016-03-10,2016-03-20,0.052081967213114755,0.8858360655737705,0.06209016393442623,122
453,2016-03-15,2016-03-25,0.05655072463768116,0.8747753623188408,0.06870289855072462,138
454,2016-03-20,2016-03-30,0.06284722222222222,0.8540416666666667,0.08310416666666666,144
455,2016-03-25,2016-04-04,0.05723076923076924,0.859006993006993,0.08373426573426573,143
456,2016-03-30,2016-04-09,0.05922307692307692,0.8692076923076925,0.07155384615384615,130
457,2016-04-04,2016-04-14,0.06996153846153845,0.8604999999999999,0.06953076923076923,130
458,2016-04-09,2016-04-19,0.061649006622516565,0.8651655629139072,0.07317218543046358,151
459,2016-04-14,2016-04-24,0.06028846153846155,0.8676025641025641,0.07207051282051281,156
460,2016-04-19,2016-04-29,0.06190445859872612,0.8623821656050956,0.07570063694267518,157
461,2016-04-24,2016-05-04,0.05869753086419753,0.8617777777777778,0.07954938271604939,162
462,2016-04-29,2016-05-09,0.05832098765432099,0.8666851851851851,0.075,162
463,2016-05-04,2016-05-14,0.05383552631578947,0.8626842105263157,0.0834671052631579,152
464,2016-05-09,2016-05-19,0.06893197278911564,0.8479863945578232,0.08308843537414964,147
465,2016-05-14,2016-05-24,0.06727027027027027,0.8635675675675675,0.0692027027027027,148
466,2016-05-19,2016-05-29,0.05769767441860465,0.8560930232558139,0.08623255813953488,172
467,2016-05-24,2016-06-03,0.06448901098901098,0.8427197802197803,0.09278571428571429,182
468,2016-05-29,2016-06-08,0.06406896551724138,0.8523724137931034,0.08353103448275863,145
469,2016-06-03,2016-06-13,0.05834532374100719,0.8585611510791367,0.0830431654676259,139
470,2016-06-08,2016-06-18,0.06637908496732027,0.8455294117647058,0.0880392156862745,153
471,2016-06-13,2016-06-23,0.07828082191780823,0.8401027397260274,0.08159589041095891,146
472,2016-06-18,2016-06-28,0.07063703703703705,0.8578222222222223,0.07152592592592592,135
473,2016-06-23,2016-07-03,0.060092307692307695,0.8605025641025641,0.07940512820512821,195
474,2016-06-28,2016-07-08,0.06601477832512315,0.8373793103448276,0.09661083743842365,203
475,2016-07-03,2016-07-13,0.06284057971014494,0.8263260869565218,0.11083333333333333,138
476,2016-07-08,2016-07-18,0.04632748538011696,0.8659941520467836,0.08764327485380118,171
477,2016-07-13,2016-07-23,0.06002285714285715,0.8637885714285715,0.07614285714285715,175
478,2016-07-18,2016-07-28,0.07253977272727273,0.844096590909091,0.08340340909090908,176
479,2016-07-23,2016-08-02,0.06743981481481483,0.8504305555555555,0.08217129629629628,216
480,2016-07-28,2016-08-07,0.06700537634408603,0.8557150537634409,0.07726344086021505,186
481,2016-08-02,2016-08-12,0.07018681318681318,0.8503021978021977,0.0794835164835165,182
482,2016-08-07,2016-08-17,0.07355502392344497,0.8417846889952153,0.08466985645933015,209
483,2016-08-12,2016-08-22,0.06915469613259669,0.8400773480662983,0.09077348066298342,181
484,2016-08-17,2016-08-27,0.06291370558375635,0.8549847715736042,0.08205583756345178,197
485,2016-08-22,2016-09-01,0.06488038277511962,0.8550765550239235,0.08000478468899522,209
486,2016-08-27,2016-09-06,0.06378974358974358,0.8444820512820511,0.09172820512820513,195
487,2016-09-01,2016-09-11,0.05414351851851852,0.8589212962962962,0.08690277777777779,216
488,2016-09-06,2016-09-16,0.05417977528089888,0.8786629213483146,0.06710674157303372,178
489,2016-09-11,2016-09-21,0.07175294117647059,0.8532529411764705,0.07497058823529412,170
490,2016-09-16,2016-09-26,0.07181463414634147,0.8405609756097561,0.08761463414634145,205
491,2016-09-21,2016-10-01,0.06629943502824859,0.850276836158192,0.0834406779661017,177
492,2016-09-26,2016-10-06,0.060148148148148145,0.8613333333333334,0.07853086419753087,162
493,2016-10-01,2016-10-11,0.057096969696969695,0.8727878787878788,0.07012121212121213,165
494,2016-10-06,2016-10-16,0.06181463414634147,0.8679073170731707,0.07029756097560975,205
495,2016-10-11,2016-10-21,0.06664761904761905,0.8588809523809524,0.07446190476190477,210
496,2016-10-16,2016-10-26,0.06292270531400966,0.8599661835748793,0.07709178743961352,207
497,2016-10-21,2016-10-31,0.06293488372093023,0.8426511627906977,0.09442325581395349,215
498,2016-10-26,2016-11-05,0.07454106280193237,0.8286280193236716,0.09680193236714976,207
499,2016-10-31,2016-11-10,0.07714678899082568,0.8395917431192661,0.08321100917431191,218
500,2016-11-05,2016-11-15,0.07354726368159205,0.8430597014925373,0.08332835820895523,201
501,2016-11-10,2016-11-20,0.07136585365853658,0.8473609756097561,0.0812390243902439,205
502,2016-11-15,2016-11-25,0.06556540084388185,0.8545443037974683,0.07989873417721519,237
503,2016-11-20,2016-11-30,0.06649344978165939,0.8549039301310045,0.07859388646288208,229
504,2016-11-25,2016-12-05,0.06745625,0.85686875,0.0756375,160
505,2016-11-30,2016-12-10,0.05942528735632184,0.8612298850574712,0.07929885057471264,87
506,2016-12-05,2016-12-15,0.05449618320610687,0.8643816793893129,0.0810763358778626,131
507,2016-12-10,2016-12-20,0.06228436018957346,0.8620663507109005,0.07559241706161138,211
508,2016-12-15,2016-12-25,0.06908379888268157,0.8535530726256984,0.07733519553072625,179
509,2016-12-20,2016-12-30,0.06189436619718311,0.8563380281690143,0.08174647887323944,142
510,2016-12-25,2017-01-04,0.0490354609929078,0.855241134751773,0.09570212765957446,141
511,2016-12-30,2017-01-09,0.062335483870967746,0.8464387096774194,0.09123870967741936,155
512,2017-01-04,2017-01-14,0.0663186274509804,0.8495539215686273,0.08414705882352941,204
513,2017-01-09,2017-01-19,0.05622767857142857,0.8574196428571429,0.08635714285714284,224
514,2017-01-14,2017-01-24,0.05681159420289854,0.862111111111111,0.08105314009661835,207
515,2017-01-19,2017-01-29,0.058101382488479264,0.8582442396313364,0.08364516129032258,217
516,2017-01-24,2017-02-03,0.05840186915887851,0.8632897196261682,0.07834579439252336,214
517,2017-01-29,2017-02-08,0.0809609756097561,0.8384975609756098,0.08058536585365851,205
518,2017-02-03,2017-02-13,0.08984304932735428,0.8206143497757848,0.08951569506726458,223
519,2017-02-08,2017-02-18,0.07123849372384938,0.8530878661087865,0.07563598326359833,239
520,2017-02-13,2017-02-23,0.06906451612903226,0.8608655913978495,0.0700537634408602,186
521,2017-02-18,2017-02-28,0.0738953488372093,0.8393081395348837,0.0867906976744186,172
522,2017-02-23,2017-03-05,0.0644945054945055,0.8440274725274726,0.09147802197802199,182
523,2017-02-28,2017-03-10,0.06683529411764708,0.8425647058823529,0.09060588235294117,170
524,2017-03-05,2017-03-15,0.07056097560975609,0.8489268292682927,0.08051829268292683,164
525,2017-03-10,2017-03-20,0.06254497354497354,0.8616666666666666,0.07580952380952381,189
526,2017-03-15,2017-03-25,0.06261139896373057,0.861,0.07643005181347151,193
527,2017-03-20,2017-03-30,0.06048275862068965,0.8659064039408867,0.07358620689655172,203
528,2017-03-25,2017-04-04,0.05887906976744187,0.8608651162790698,0.08020930232558138,215
529,2017-03-30,2017-04-09,0.06036138613861386,0.8541039603960396,0.08554950495049506,202
530,2017-04-04,2017-04-14,0.06071291866028708,0.8512488038277513,0.08808612440191389,209
531,2017-04-09,2017-04-19,0.05428205128205129,0.8543282051282051,0.09141025641025642,195
532,2017-04-14,2017-04-24,0.04925000000000001,0.8708579545454547,0.07984659090909091,176
533,2017-04-19,2017-04-29,0.05661304347826087,0.8751739130434784,0.06815652173913044,230
534,2017-04-24,2017-05-04,0.06169921875,0.8675546875000001,0.0707265625,256
535,2017-04-29,2017-05-09,0.0683821138211382,0.8512439024390244,0.08036585365853659,123
536,2017-05-04,2017-05-14,0.06378461538461538,0.8459846153846153,0.09023076923076923,65
537,2017-05-09,2017-05-19,0.06208547008547009,0.8617094017094018,0.07621367521367521,117
538,2017-05-14,2017-05-24,0.057254716981132076,0.8654292452830189,0.0773443396226415,212
539,2017-05-19,2017-05-29,0.055045000000000004,0.862835,0.08215499999999999,200
540,2017-05-24,2017-06-03,0.05895,0.852055,0.08898999999999999,200
541,2017-05-29,2017-06-08,0.0624,0.8580714285714287,0.07953333333333334,210
542,2017-06-03,2017-06-13,0.07484466019417475,0.8497524271844662,0.07541747572815535,206
543,2017-06-08,2017-06-18,0.07192673992673992,0.8439120879120879,0.08415750915750916,273
544,2017-06-13,2017-06-23,0.06881923076923077,0.847176923076923,0.08400384615384615,260
545,2017-06-18,2017-06-28,0.06070161290322581,0.8497862903225807,0.08952016129032259,248
546,2017-06-23,2017-07-03,0.05878367346938776,0.8545836734693877,0.08661632653061223,245
547,2017-06-28,2017-07-08,0.09224999999999998,0.8229410919540231,0.08479597701149426,696
548,2017-07-03,2017-07-13,0.09028958630527818,0.8260313837375178,0.08368045649072754,701
549,2017-07-08,2017-07-18,0.07287659574468086,0.8535191489361703,0.0736340425531915,235
550,2017-07-13,2017-07-23,0.08301769911504425,0.8418893805309734,0.07510176991150443,226
551,2017-07-18,2017-07-28,0.0702310924369748,0.8489285714285715,0.08084453781512604,238
552,2017-07-23,2017-08-02,0.06598449612403101,0.8477170542635659,0.08632170542635659,258
553,2017-07-28,2017-08-07,0.07157042253521127,0.8400140845070422,0.08842253521126761,284
554,2017-08-02,2017-08-12,0.0653320158102767,0.847889328063241,0.0867905138339921,253
555,2017-08-07,2017-08-17,0.06332635983263599,0.8576359832635981,0.07907949790794978,239
556,2017-08-12,2017-08-22,0.08141735537190083,0.8349710743801653,0.08359504132231405,242
557,2017-08-17,2017-08-27,0.06981322957198444,0.8266459143968872,0.10349416342412451,257
558,2017-08-22,2017-09-01,0.062244,0.8378,0.09993600000000001,250
559,2017-08-27,2017-09-06,0.06625,0.8582941176470588,0.07546078431372549,204
560,2017-09-01,2017-09-11,0.05765217391304348,0.8667608695652173,0.07558152173913044,184
561,2017-09-06,2017-09-16,0.06482513661202186,0.8522459016393443,0.08292896174863389,183
562,2017-09-11,2017-09-21,0.07308441558441557,0.8331623376623377,0.09372727272727273,154
563,2017-09-16,2017-09-26,0.07546376811594202,0.8244492753623188,0.09997101449275364,69
564,2017-09-21,2017-10-01,0.07905882352941176,0.8667058823529413,0.05411764705882354,17
565,2017-09-26,2017-10-06,,,,0
566,2017-10-01,2017-10-11,0.06645454545454545,0.8727727272727273,0.060727272727272734,44
567,2017-10-06,2017-10-16,0.0692280701754386,0.8694561403508771,0.06129824561403508,114
568,2017-10-11,2017-10-21,0.06128921568627451,0.8657009803921569,0.07304411764705883,204
569,2017-10-16,2017-10-26,0.06002654867256637,0.860216814159292,0.07978318584070795,226
570,2017-10-21,2017-10-31,0.06529239766081871,0.853421052631579,0.08126900584795321,171
571,2017-10-26,2017-11-05,0.06918300653594772,0.8378627450980392,0.09295424836601308,153
572,2017-10-31,2017-11-10,0.06972608695652173,0.8485391304347827,0.08177391304347827,230
573,2017-11-05,2017-11-15,0.06302739726027397,0.8568253424657535,0.08018493150684931,292
574,2017-11-10,2017-11-20,0.054944649446494465,0.8631955719557195,0.08187084870848707,271
575,2017-11-15,2017-11-25,0.059825095057034226,0.8612623574144486,0.07892395437262358,263
576,2017-11-20,2017-11-30,0.06816955017301038,0.8544567474048442,0.07740484429065743,289
577,2017-11-25,2017-12-05,0.0672972972972973,0.8624391891891892,0.07030405405405406,296
578,2017-11-30,2017-12-10,0.06363805970149254,0.8570485074626866,0.07935074626865672,268
579,2017-12-05,2017-12-15,0.06263851351351352,0.8506925675675676,0.08667229729729731,296
580,2017-12-10,2017-12-20,0.06177931034482759,0.861041379310345,0.07718275862068967,290
581,2017-12-15,2017-12-25,0.06228455284552846,0.8664837398373983,0.0712560975609756,246
582,2017-12-20,2017-12-30,0.06075102040816327,0.8582734693877551,0.08098367346938776,245
583,2017-12-25,2018-01-04,0.06083467741935484,0.853,0.08616532258064517,248
584,2017-12-30,2018-01-09,0.06551535836177474,0.8534266211604097,0.0810443686006826,293
585,2018-01-04,2018-01-14,0.06659567901234567,0.8541759259259258,0.07922530864197531,324
586,2018-01-09,2018-01-19,0.06721160409556315,0.8566484641638225,0.07619453924914676,293
587,2018-01-14,2018-01-24,0.05972826086956522,0.8704311594202898,0.06987318840579711,276
588,2018-01-19,2018-01-29,0.05753135313531354,0.8690726072607261,0.07338613861386138,303
589,2018-01-24,2018-02-03,0.06316358024691358,0.8627376543209878,0.07408641975308641,324
590,2018-01-29,2018-02-08,0.06576851851851852,0.8562314814814814,0.07800308641975308,324
591,2018-02-03,2018-02-13,0.06408812260536399,0.8513141762452108,0.08460919540229885,261
592,2018-02-08,2018-02-18,0.054623481781376514,0.8626113360323887,0.08277732793522269,247
593,2018-02-13,2018-02-23,0.05961392405063291,0.858876582278481,0.08151898734177214,316
594,2018-02-18,2018-02-28,0.06700692041522492,0.8547266435986158,0.0782560553633218,289
595,2018-02-23,2018-03-05,0.06004642857142858,0.8511464285714284,0.08879642857142857,280
596,2018-02-28,2018-03-10,0.05968027210884354,0.8449013605442177,0.09543537414965986,294
597,2018-03-05,2018-03-15,0.07267491166077739,0.8419363957597175,0.08540989399293286,283
598,2018-03-10,2018-03-20,0.07063295880149813,0.8514794007490638,0.07787640449438202,267
599,2018-03-15,2018-03-25,0.06720212765957446,0.862822695035461,0.06996099290780142,282
600,2018-03-20,2018-03-30,0.06883061889250815,0.8583648208469057,0.07281758957654724,307
601,2018-03-25,2018-04-04,0.07177227722772277,0.8476006600660065,0.08064356435643565,303
602,2018-03-30,2018-04-09,0.07097109826589595,0.851907514450867,0.07711849710982659,346
603,2018-04-04,2018-04-14,0.06203761755485893,0.8586708463949844,0.07928526645768025,319
604,2018-04-09,2018-04-19,0.0589278350515464,0.8507319587628864,0.09035051546391752,194
605,2018-04-14,2018-04-24,0.07454787234042554,0.8392925531914894,0.0861968085106383,188
606,2018-04-19,2018-04-29,0.07263667820069203,0.844484429065744,0.0828961937716263,289
607,2018-04-24,2018-05-04,0.06740229885057472,0.8492327586206897,0.08338505747126437,348
608,2018-04-29,2018-05-09,0.07193471810089021,0.8443649851632049,0.08374777448071216,337
609,2018-05-04,2018-05-14,0.06944155844155843,0.8545292207792208,0.0760551948051948,308
610,2018-05-09,2018-05-19,0.06121290322580645,0.8617225806451614,0.07706774193548387,310
611,2018-05-14,2018-05-24,0.061155963302752296,0.8513058103975534,0.08755351681957187,327
612,2018-05-19,2018-05-29,0.06766981132075471,0.845682389937107,0.08666981132075471,318
613,2018-05-24,2018-06-03,0.06735798816568048,0.8494674556213018,0.08318047337278107,338
614,2018-05-29,2018-06-08,0.06211388888888888,0.8530916666666667,0.0847861111111111,360
615,2018-06-03,2018-06-13,0.06245480225988701,0.8577937853107345,0.07975141242937853,354
616,2018-06-08,2018-06-18,0.06513165266106444,0.8632577030812325,0.07158263305322128,357
617,2018-06-13,2018-06-23,0.06579204892966362,0.8627981651376146,0.07138837920489297,327
618,2018-06-18,2018-06-28,0.06820186335403726,0.8500527950310559,0.08174844720496895,322
619,2018-06-23,2018-07-03,0.06344067796610171,0.8509355932203391,0.08563050847457628,295
620,2018-06-28,2018-07-08,0.04770358306188925,0.8667557003257329,0.08555374592833877,307
621,2018-07-03,2018-07-13,0.05751884057971015,0.8488840579710145,0.09360579710144928,345
622,2018-07-08,2018-07-18,0.07018456375838926,0.8355067114093959,0.09432885906040268,298
623,2018-07-13,2018-07-23,0.06457388316151202,0.8474914089347079,0.08794158075601374,291
624,2018-07-18,2018-07-28,0.06028985507246377,0.8592115942028985,0.08050144927536232,345
625,2018-07-23,2018-08-02,0.060026595744680854,0.8629893617021278,0.07698936170212765,376
626,2018-07-28,2018-08-07,0.061105121293800545,0.8590512129380053,0.07984366576819409,371
627,2018-08-02,2018-08-12,0.061246575342465755,0.856876712328767,0.08186301369863014,365
628,2018-08-07,2018-08-17,0.06152815013404826,0.8567184986595175,0.08175603217158177,373
629,2018-08-12,2018-08-22,0.06332307692307691,0.8577615384615385,0.07896153846153847,390
630,2018-08-17,2018-08-27,0.06590953545232274,0.857679706601467,0.07644254278728607,409
631,2018-08-22,2018-09-01,0.07065885416666667,0.8482578125,0.0810859375,384
632,2018-08-27,2018-09-06,0.07133433734939759,0.8346054216867471,0.09406626506024096,332
633,2018-09-01,2018-09-11,0.06469565217391304,0.8457329192546584,0.08960248447204967,322
634,2018-09-06,2018-09-16,0.060185897435897445,0.8670993589743591,0.07275000000000001,312
635,2018-09-11,2018-09-21,0.06507848101265823,0.8499569620253165,0.08496708860759493,395
636,2018-09-16,2018-09-26,0.06992326732673267,0.8404183168316831,0.08965841584158414,404
637,2018-09-21,2018-10-01,0.0675045045045045,0.8586606606606606,0.07382282282282282,333
638,2018-09-26,2018-10-06,0.07088266666666668,0.8515733333333334,0.07751466666666668,375
639,2018-10-01,2018-10-11,0.06984303797468355,0.853339240506329,0.07679746835443038,395
640,2018-10-06,2018-10-16,0.05639344262295082,0.86201912568306,0.08157377049180328,366
641,2018-10-11,2018-10-21,0.049787878787878784,0.8635424242424242,0.08667575757575759,330
642,2018-10-16,2018-10-26,0.05466551724137931,0.8683137931034483,0.07704827586206897,290
643,2018-10-21,2018-10-31,0.06279605263157896,0.8581118421052631,0.07911184210526317,304
644,2018-10-26,2018-11-05,0.05925139664804469,0.8592150837988827,0.0815223463687151,358
645,2018-10-31,2018-11-10,0.058555865921787714,0.8520027932960894,0.08944972067039107,358
646,2018-11-05,2018-11-15,0.061801916932907354,0.8495750798722044,0.08866134185303516,313
647,2018-11-10,2018-11-20,0.052906040268456384,0.8623657718120806,0.08473154362416108,298
648,2018-11-15,2018-11-25,0.0555074183976261,0.8609109792284867,0.08356676557863502,337
649,2018-11-20,2018-11-30,0.06621038961038961,0.851212987012987,0.08257662337662339,385
650,2018-11-25,2018-12-05,0.06937163814180929,0.849481662591687,0.08116136919315403,409
651,2018-11-30,2018-12-10,0.06452845528455285,0.8518672086720869,0.08362872628726288,369
652,2018-12-05,2018-12-15,0.07455,0.83735,0.08813125000000002,320
653,2018-12-10,2018-12-20,0.09144805194805194,0.8241038961038962,0.08448051948051949,154
654,2018-12-15,2018-12-25,0.067109375,0.8420078125,0.0908671875,128
655,2018-12-20,2018-12-30,0.06204501607717042,0.8465948553054662,0.09136334405144696,311
656,2018-12-25,2019-01-04,0.06324484536082475,0.8462809278350516,0.09048969072164949,388
657,2018-12-30,2019-01-09,0.06167146282973621,0.8482661870503596,0.09010071942446043,417
658,2019-01-04,2019-01-14,0.06296955503512881,0.8502271662763466,0.08683840749414519,427
659,2019-01-09,2019-01-19,0.06405898123324397,0.8500911528150132,0.08584718498659517,373
660,2019-01-14,2019-01-24,0.0569391304347826,0.8563971014492754,0.0866463768115942,345
661,2019-01-19,2019-01-29,0.05750645994832042,0.8632609819121447,0.0792170542635659,387
662,2019-01-24,2019-02-03,0.059812064965197226,0.8714106728538282,0.06877030162412993,431
663,2019-01-29,2019-02-08,0.06115885947046844,0.86610183299389,0.07271079429735236,491
664,2019-02-03,2019-02-13,0.0607233560090703,0.8575396825396826,0.08169387755102041,441
665,2019-02-08,2019-02-18,0.06278260869565218,0.8530637681159421,0.08414782608695653,345
666,2019-02-13,2019-02-23,0.06887971698113207,0.8571462264150943,0.07398584905660377,424
667,2019-02-18,2019-02-28,0.06516314779270634,0.8625393474088292,0.07231094049904031,521
668,2019-02-23,2019-03-05,0.06188329979879276,0.8561428571428571,0.08198591549295775,497
669,2019-02-28,2019-03-10,0.06504059829059829,0.8475598290598291,0.08741239316239317,468
670,2019-03-05,2019-03-15,0.06220576131687243,0.8505061728395061,0.08727777777777779,486
671,2019-03-10,2019-03-20,0.07031910946196661,0.8407884972170686,0.08887940630797775,539
672,2019-03-15,2019-03-25,0.070186295503212,0.8445931477516061,0.08524197002141329,467
673,2019-03-20,2019-03-30,0.058878116343490314,0.8616565096952908,0.07949030470914129,361
674,2019-03-25,2019-04-04,0.06025068119891009,0.8568065395095368,0.0829291553133515,367
675,2019-03-30,2019-04-09,0.05973366834170855,0.8566557788944722,0.08358040201005025,398
676,2019-04-04,2019-04-14,0.061779859484777516,0.8628477751756439,0.07536065573770491,427
677,2019-04-09,2019-04-19,0.06560199004975124,0.8557512437810946,0.0786492537313433,402
678,2019-04-14,2019-04-24,0.06576216216216216,0.8471513513513514,0.08708918918918919,370
679,2019-04-19,2019-04-29,0.061932642487046635,0.85429792746114,0.08377720207253886,386
680,2019-04-24,2019-05-04,0.062470149253731344,0.8565621890547263,0.08098258706467662,402
681,2019-04-29,2019-05-09,0.0684468085106383,0.8534704491725768,0.07809692671394798,423
682,2019-05-04,2019-05-14,0.07190829694323143,0.8537794759825327,0.07431004366812227,458
683,2019-05-09,2019-05-19,0.06805909090909092,0.8531840909090908,0.07875000000000001,440
684,2019-05-14,2019-05-24,0.06397872340425532,0.847919621749409,0.0881158392434988,423
685,2019-05-19,2019-05-29,0.061119101123595504,0.8542471910112359,0.08465393258426968,445
686,2019-05-24,2019-06-03,0.06049633251833741,0.8558557457212714,0.08364547677261615,409
687,2019-05-29,2019-06-08,0.06780927835051546,0.8510798969072165,0.08108505154639176,388
688,2019-06-03,2019-06-13,0.06819811320754716,0.8584363207547169,0.07337028301886793,424
689,2019-06-08,2019-06-18,0.0650551724137931,0.8604344827586207,0.07453563218390805,435
690,2019-06-13,2019-06-23,0.06288235294117647,0.8559882352941177,0.08112235294117648,425
691,2019-06-18,2019-06-28,0.058851162790697666,0.8580488372093025,0.08307209302325583,430
692,2019-06-23,2019-07-03,0.06259367396593674,0.8594671532846715,0.07793430656934307,411
693,2019-06-28,2019-07-08,0.0733298969072165,0.8548685567010308,0.07182989690721649,388
694,2019-07-03,2019-07-13,0.07018779342723006,0.8537793427230048,0.07605399061032864,426
695,2019-07-08,2019-07-18,0.06304989604989604,0.8531268191268192,0.08383367983367983,481
696,2019-07-13,2019-07-23,0.059812015503875965,0.8563081395348837,0.08388178294573644,516
697,2019-07-18,2019-07-28,0.0640810276679842,0.8533498023715416,0.08256916996047431,506
698,2019-07-23,2019-08-02,0.06684356435643564,0.8447227722772278,0.08844752475247523,505
699,2019-07-28,2019-08-07,0.05679922027290448,0.8587524366471734,0.08446003898635478,513
700,2019-08-02,2019-08-12,0.052629489603024576,0.8661795841209828,0.08118714555765597,529
701,2019-08-07,2019-08-17,0.05927556325823223,0.8613535528596187,0.07936741767764298,577
702,2019-08-12,2019-08-22,0.06485243055555555,0.8584149305555555,0.07674479166666666,576
703,2019-08-17,2019-08-27,0.060163636363636364,0.8610747474747474,0.07876767676767676,495
704,2019-08-22,2019-09-01,0.056132211538461534,0.8639447115384615,0.07993269230769232,416
705,2019-08-27,2019-09-06,0.06406635071090047,0.8519597156398105,0.08399289099526067,422
706,2019-09-01,2019-09-11,0.06744028103044497,0.8521639344262296,0.08040983606557377,427
707,2019-09-06,2019-09-16,0.057851774530271405,0.8656054279749477,0.0765615866388309,479
708,2019-09-11,2019-09-21,0.05505933682373473,0.8613821989528796,0.0835584642233857,573
709,2019-09-16,2019-09-26,0.06103625954198474,0.854385496183206,0.08457251908396947,524
710,2019-09-21,2019-10-01,0.06624070796460177,0.8533610619469026,0.08038584070796462,565
711,2019-09-26,2019-10-06,0.07068143100511072,0.8471482112436115,0.08214821124361159,587
712,2019-10-01,2019-10-11,0.06663326653306613,0.8484348697394789,0.08492785571142286,499
713,2019-10-06,2019-10-16,0.063994,0.850916,0.0851,500
714,2019-10-11,2019-10-21,0.06747379454926625,0.8474360587002095,0.08509014675052409,477
715,2019-10-16,2019-10-26,0.06551612903225806,0.8434345351043644,0.09107020872865275,527
716,2019-10-21,2019-10-31,0.06394756554307117,0.8457247191011236,0.09034831460674157,534
717,2019-10-26,2019-11-05,0.05979036144578314,0.856043373493976,0.08415180722891567,415
718,2019-10-31,2019-11-10,0.05989397590361446,0.865489156626506,0.07460722891566264,415
719,2019-11-05,2019-11-15,0.05420665499124343,0.8653047285464098,0.08048336252189142,571
720,2019-11-10,2019-11-20,0.04982551319648094,0.8511510263929619,0.09902052785923755,682
721,2019-11-15,2019-11-25,0.051124830393487114,0.8419240162822254,0.10695658073270013,737
722,2019-11-20,2019-11-30,0.05505390835579516,0.8407641509433962,0.10419946091644205,742
723,2019-11-25,2019-12-05,0.05412638888888889,0.8414652777777778,0.10443472222222223,720
724,2019-11-30,2019-12-10,0.048450340136054426,0.8598585034013605,0.09170204081632652,735
725,2019-12-05,2019-12-15,0.04818092566619916,0.8717685834502102,0.08003927068723703,713
726,2019-12-10,2019-12-20,0.04871390013495277,0.8661228070175438,0.08516464237516869,741
727,2019-12-15,2019-12-25,0.04645961995249406,0.8677494061757719,0.08580047505938242,842
728,2019-12-20,2019-12-30,0.04706077981651376,0.8721857798165136,0.08075573394495413,872
729,2019-12-25,2020-01-04,0.0480034090909091,0.8734920454545453,0.07850795454545455,880
730,2019-12-30,2020-01-09,0.04756714761376249,0.8730821309655937,0.07937291897891233,901
731,2020-01-04,2020-01-14,0.04528554778554779,0.8774230769230769,0.07731118881118881,858
732,2020-01-09,2020-01-19,0.04631762065095399,0.8762109988776655,0.07747138047138047,891
733,2020-01-14,2020-01-24,0.04712987012987014,0.8756453546453545,0.07722477522477522,1001
734,2020-01-19,2020-01-29,0.0430624349635796,0.8803704474505721,0.07656503642039543,961
735,2020-01-24,2020-02-03,0.04455411764705882,0.8774694117647058,0.07797294117647058,850
736,2020-01-29,2020-02-08,0.04926111111111111,0.8698377777777776,0.08089222222222221,900
737,2020-02-03,2020-02-13,0.04670061099796334,0.872724032586558,0.08057331975560082,982
738,2020-02-08,2020-02-18,0.04923298969072165,0.8705536082474226,0.08022577319587627,970
739,2020-02-13,2020-02-23,0.04861235356762513,0.8668658146964855,0.08454313099041533,939
740,2020-02-18,2020-02-28,0.047657357679914074,0.8694865735767991,0.08287325456498389,931
741,2020-02-23,2020-03-04,0.04932309217046581,0.8708999008919721,0.07979286422200198,1009
742,2020-02-28,2020-03-09,0.05293846153846154,0.8665979487179486,0.08048102564102563,975
743,2020-03-04,2020-03-14,0.05134421052631579,0.8651221052631579,0.08356,950
744,2020-03-09,2020-03-19,0.03914933058702368,0.876193614830072,0.08467662203913491,971
745,2020-03-14,2020-03-24,0.043412109375,0.8810361328124998,0.075544921875,1024
746,2020-03-19,2020-03-29,0.0466875,0.8791117957746479,0.0741875,1136
747,2020-03-24,2020-04-03,0.04614680483592401,0.8784887737478411,0.07537651122625216,1158
748,2020-03-29,2020-04-08,0.04614736842105263,0.8792684210526315,0.07459323308270677,1330
749,2020-04-03,2020-04-13,0.048271922767497984,0.8737522123893804,0.07796299275945293,1243
750,2020-04-08,2020-04-18,0.05465650224215247,0.8643058295964126,0.08102959641255605,1115
751,2020-04-13,2020-04-23,0.05942109436954798,0.8583521015067407,0.08222680412371135,1261
752,2020-04-18,2020-04-28,0.0662432210353328,0.8483607230895645,0.08540838126540674,1217
753,2020-04-23,2020-05-03,0.07056872037914692,0.8402353870458135,0.08919589257503949,1266
754,2020-04-28,2020-05-08,0.07181521739130435,0.8390403726708074,0.08914130434782608,1288
755,2020-05-03,2020-05-13,0.07159194139194139,0.839331868131868,0.08908937728937728,1365
756,2020-05-08,2020-05-18,0.07069601100412655,0.8395756533700137,0.08973796423658872,1454
757,2020-05-13,2020-05-23,0.0708044996121024,0.8395484871993792,0.08964778898370832,1289
758,2020-05-18,2020-05-28,0.07117342879872714,0.8388408910103421,0.09007319013524265,1257
759,2020-05-23,2020-06-02,0.06659274873524453,0.8389780775716695,0.09461720067453626,1186
760,2020-05-28,2020-06-07,0.06470230263157895,0.8384333881578947,0.09712746710526315,1216
761,2020-06-02,2020-06-12,0.06587733549959382,0.8415865150284321,0.09281803411860277,1231
762,2020-06-07,2020-06-17,0.07027458396369136,0.8370272314674733,0.09298411497730712,1322
763,2020-06-12,2020-06-22,0.07315076660988074,0.834690800681431,0.09241311754684839,1174
764,2020-06-17,2020-06-27,0.07021533161068044,0.838411714039621,0.09158570198105082,1161
765,2020-06-22,2020-07-02,0.068884110787172,0.8375167638483966,0.09385131195335278,1372
766,2020-06-27,2020-07-07,0.06707485760781123,0.8412579332790886,0.09192432872253865,1229
767,2020-07-02,2020-07-12,0.07060444078947367,0.8409777960526315,0.08866858552631579,1216
768,2020-07-07,2020-07-17,0.0703606411398041,0.8418245770258236,0.08804897595725734,1123
769,2020-07-12,2020-07-22,0.06939523418241578,0.8392892358258012,0.09157518488085456,1217
770,2020-07-17,2020-07-27,0.07483113865220758,0.8340635166537567,0.09137567776917119,1291
771,2020-07-22,2020-08-01,0.07692421602787457,0.8304277003484319,0.09287020905923346,1148
772,2020-07-27,2020-08-06,0.07139175257731958,0.8321288659793814,0.09673711340206186,1164
773,2020-08-01,2020-08-11,0.06494466720128307,0.8389703287890937,0.09638572574178027,1247
774,2020-08-06,2020-08-16,0.06580700179533214,0.8387486535008977,0.09568312387791743,1114
775,2020-08-11,2020-08-21,0.0736934046345811,0.8328716577540106,0.09364616755793226,1122
776,2020-08-16,2020-08-26,0.07137118523775728,0.8347537260468418,0.09412916962384671,1409
777,2020-08-21,2020-08-31,0.06989076305220884,0.8383702811244982,0.09198714859437751,1245
778,2020-08-26,2020-09-05,0.0722812192723697,0.8402123893805311,0.08773549655850542,1017
779,2020-08-31,2020-09-10,0.0681416083916084,0.8409702797202797,0.09115559440559441,1144
780,2020-09-05,2020-09-15,0.06498846153846154,0.8457207692307691,0.08956,1300
781,2020-09-10,2020-09-20,0.06272366148531952,0.8459050086355786,0.09161139896373058,1158
782,2020-09-15,2020-09-25,0.06425331971399387,0.8420735444330949,0.09390398365679264,979
783,2020-09-20,2020-09-30,0.06650550314465409,0.8409229559748428,0.09284827044025158,1272
784,2020-09-25,2020-10-05,0.06598774509803922,0.8415490196078431,0.09272549019607843,1224
785,2020-09-30,2020-10-10,0.07031004366812228,0.8404620087336244,0.08944890829694324,1145
786,2020-10-05,2020-10-15,0.06967749796913078,0.8393265637692933,0.09122989439480098,1231
787,2020-10-10,2020-10-20,0.06374202626641651,0.8444174484052532,0.09206848030018763,1066
788,2020-10-15,2020-10-25,0.06766035856573704,0.83523406374502,0.097351593625498,1004
789,2020-10-20,2020-10-30,0.07015577439570278,0.83083527305282,0.09930438675022382,1117
790,2020-10-25,2020-11-04,0.06811182108626197,0.8356269968051118,0.09657827476038339,1252
791,2020-10-30,2020-11-09,0.06793018682399213,0.8353647984267454,0.0970117994100295,1017
792,2020-11-04,2020-11-14,0.06917000955109837,0.8387574021012417,0.09235148042024834,1047
793,2020-11-09,2020-11-19,0.07219239543726236,0.8313346007604562,0.09672699619771864,1315
794,2020-11-14,2020-11-24,0.07409006211180125,0.8258858695652174,0.10028105590062113,1288
795,2020-11-19,2020-11-29,0.070125678119349,0.837250452079566,0.09286708860759495,1106
796,2020-11-24,2020-12-04,0.07183527305282005,0.8414064458370636,0.08697135183527305,1117
797,2020-11-29,2020-12-09,0.0739268817204301,0.8341340501792116,0.09218351254480286,1395
798,2020-12-04,2020-12-14,0.07507073954983923,0.8305249196141479,0.09465836012861736,1244
799,2020-12-09,2020-12-19,0.07809260991580916,0.8300626753975678,0.09207764265668851,1069
800,2020-12-14,2020-12-24,0.07325733445096395,0.8329329421626152,0.0940368818105616,1193
801,2020-12-19,2020-12-29,0.07087129485179407,0.8350538221528861,0.0943003120124805,1282
802,2020-12-24,2021-01-03,0.06930886850152904,0.8404689092762487,0.09040163098878695,981
803,2020-12-29,2021-01-08,0.06660566037735849,0.8438150943396227,0.08977641509433963,1060
804,2021-01-03,2021-01-13,0.0695242203052422,0.8382295952222959,0.09250431320504313,1507
805,2021-01-08,2021-01-18,0.07114442700156987,0.8385470957613814,0.09056514913657772,1274
806,2021-01-13,2021-01-23,0.07310863509749303,0.8360334261838439,0.09112627669452182,1077
807,2021-01-18,2021-01-28,0.07276887340301974,0.8344785133565623,0.09301974448315913,861
808,2021-01-23,2021-02-02,0.07042377756471715,0.8379290508149569,0.09192713326941515,1043
809,2021-01-28,2021-02-07,0.06886475814412635,0.8375883514313919,0.09383218163869694,1013
810,2021-02-02,2021-02-12,0.06528748451053283,0.8336604708798018,0.10134076827757127,807
811,2021-02-07,2021-02-17,0.07177317731773175,0.8292772277227722,0.09927452745274529,1111
812,2021-02-12,2021-02-22,0.07237356828193833,0.8330308370044053,0.09488546255506608,1135
813,2021-02-17,2021-02-27,0.07422173531989483,0.8333488168273443,0.09268273444347064,1141
814,2021-02-22,2021-03-04,0.07775870069605567,0.8314176334106729,0.09108352668213457,862
815,2021-02-27,2021-03-09,0.07296015180265655,0.837417457305503,0.08991650853889942,527
816,2021-03-04,2021-03-14,0.06824335378323107,0.838439672801636,0.09360838445807772,978
817,2021-03-09,2021-03-19,0.07132775330396475,0.8349850220264317,0.09397356828193834,1135
818,2021-03-14,2021-03-24,0.07745073891625615,0.830460591133005,0.09237684729064041,406
819,2021-03-19,2021-03-29,0.06718483412322275,0.8469763033175355,0.08614691943127963,211
820,2021-03-24,2021-04-03,0.069,0.8358356321839082,0.09547471264367817,870
821,2021-03-29,2021-04-08,0.0735867924528302,0.8261556603773584,0.10063113207547171,1060
822,2021-04-03,2021-04-13,0.08016957605985037,0.8161097256857855,0.10419700748129676,401
823,2021-04-08,2021-04-18,0.06769491525423729,0.834949152542373,0.09779661016949154,59
824,2021-04-13,2021-04-23,0.06769491525423729,0.834949152542373,0.09779661016949154,59
825,2021-04-18,2021-04-28,0.06644592592592592,0.8440044444444444,0.0898088888888889,675
826,2021-04-23,2021-05-03,0.06814987298899237,0.8400711261642676,0.09202709568162575,1181
827,2021-04-28,2021-05-08,0.07091344195519349,0.8387260692464359,0.09058350305498981,982
828,2021-05-03,2021-05-13,0.06824117647058824,0.85195,0.07995441176470588,680
829,2021-05-08,2021-05-18,0.06429567307692308,0.8679783653846154,0.06769951923076924,416
830,2021-05-13,2021-05-23,0.06366853932584268,0.8564962546816479,0.07994569288389512,534
831,2021-05-18,2021-05-28,0.07362266355140187,0.8386343457943926,0.08798130841121495,856
832,2021-05-23,2021-06-02,0.07634957020057305,0.8346303724928368,0.08929703915950334,1047
833,2021-05-28,2021-06-07,0.0730884030418251,0.8365865019011407,0.09061596958174906,1052
834,2021-06-02,2021-06-12,0.0725193661971831,0.8340897887323944,0.09367781690140846,1136
835,2021-06-07,2021-06-17,0.07033514001806684,0.8357479674796748,0.09420867208672086,1107
836,2021-06-12,2021-06-22,0.06993312101910829,0.8321422505307856,0.09826963906581741,942
837,2021-06-17,2021-06-27,0.07065825977301386,0.8236141235813367,0.10610844892812106,793
838,2021-06-22,2021-07-01,0.06992307692307692,0.8279230769230771,0.10248076923076922,832
839,2021-06-27,2021-07-01,0.0684140127388535,0.832787685774947,0.09910828025477707,471
