,start_date,end_date,avg_neg,avg_neu,avg_pos
0,2010-01-01,2010-01-08,0.05830769230769231,0.8356153846153845,0.10607692307692308
1,2010-01-08,2010-01-15,0.0,0.8701875,0.1298125
2,2010-01-15,2010-01-22,0.06615384615384616,0.6982307692307692,0.2356923076923077
3,2010-01-22,2010-01-29,0.0,0.8206,0.1794
4,2010-01-29,2010-02-05,0.06866666666666667,0.9313333333333333,0.0
5,2010-02-05,2010-02-12,0.03969230769230769,0.8536153846153847,0.1066923076923077
6,2010-02-12,2010-02-19,0.023571428571428573,0.7552857142857141,0.221
7,2010-02-19,2010-02-26,0.0,0.9013,0.0987
8,2010-02-26,2010-03-05,0.0,0.8507142857142858,0.14928571428571427
9,2010-03-05,2010-03-12,0.014,0.8724615384615385,0.11353846153846156
10,2010-03-12,2010-03-19,0.0065,0.69225,0.30125
11,2010-03-19,2010-03-26,0.0,0.8587,0.14129999999999998
12,2010-03-26,2010-04-02,0.08779999999999999,0.7986000000000001,0.1136
13,2010-04-02,2010-04-09,0.1062,0.8001999999999999,0.09359999999999999
14,2010-04-09,2010-04-16,0.039349999999999996,0.83165,0.129
15,2010-04-16,2010-04-23,0.0,0.8492500000000001,0.15075
16,2010-04-23,2010-04-30,0.0455,0.8439,0.11059999999999999
17,2010-04-30,2010-05-07,0.0,0.9103999999999999,0.08960000000000001
18,2010-05-07,2010-05-14,0.034666666666666665,0.7083333333333334,0.25699999999999995
19,2010-05-14,2010-05-21,0.0105,0.8770000000000001,0.1125
20,2010-05-21,2010-05-28,0.13899999999999998,0.688,0.173
21,2010-05-28,2010-06-04,0.027857142857142858,0.7808571428571429,0.19135714285714286
22,2010-06-04,2010-06-11,0.020666666666666667,0.7376666666666667,0.24166666666666667
23,2010-06-11,2010-06-18,0.018583333333333337,0.88625,0.09525
24,2010-06-18,2010-06-25,0.016,0.8455294117647059,0.13841176470588235
25,2010-06-25,2010-07-02,0.059653846153846155,0.8022692307692308,0.1381153846153846
26,2010-07-02,2010-07-09,0.013818181818181818,0.7786363636363636,0.20745454545454545
27,2010-07-09,2010-07-16,0.06562499999999999,0.71825,0.21600000000000003
28,2010-07-16,2010-07-23,0.1055,0.8140000000000001,0.0805
29,2010-07-23,2010-07-30,0.0155,0.854375,0.13
30,2010-07-30,2010-08-06,0.1535,0.708,0.1385
31,2010-08-06,2010-08-13,0.010666666666666666,0.788,0.20144444444444443
32,2010-08-13,2010-08-20,0.06064705882352941,0.7837058823529411,0.1554705882352941
33,2010-08-20,2010-08-27,0.024526315789473684,0.8383684210526315,0.13705263157894737
34,2010-08-27,2010-09-03,0.007416666666666666,0.8650833333333333,0.12749999999999997
35,2010-09-03,2010-09-10,0.03676923076923077,0.7778076923076923,0.1853846153846154
36,2010-09-10,2010-09-17,0.022705882352941173,0.8141176470588236,0.16329411764705884
37,2010-09-17,2010-09-24,0.024533333333333334,0.8666666666666666,0.10873333333333332
38,2010-09-24,2010-10-01,0.029022727272727276,0.856431818181818,0.11456818181818183
39,2010-10-01,2010-10-08,0.03186956521739131,0.7762608695652173,0.19186956521739132
40,2010-10-08,2010-10-15,0.02282608695652174,0.8025652173913044,0.17456521739130434
41,2010-10-15,2010-10-22,0.024233333333333336,0.8227999999999999,0.15296666666666667
42,2010-10-22,2010-10-29,0.030266666666666664,0.8255333333333333,0.14423333333333332
43,2010-10-29,2010-11-05,0.037142857142857144,0.8467142857142858,0.11614285714285713
44,2010-11-05,2010-11-12,0.05904545454545454,0.7628181818181818,0.17813636363636362
45,2010-11-12,2010-11-19,0.027419354838709678,0.8585483870967742,0.11396774193548387
46,2010-11-19,2010-11-26,0.024806451612903225,0.8159032258064516,0.1593225806451613
47,2010-11-26,2010-12-03,0.017499999999999998,0.87815,0.10435000000000001
48,2010-12-03,2010-12-10,0.04493103448275862,0.7599655172413793,0.19510344827586204
49,2010-12-10,2010-12-17,0.03693478260869565,0.8095652173913044,0.1535
50,2010-12-17,2010-12-24,0.03542857142857142,0.8160816326530613,0.14853061224489794
51,2010-12-24,2010-12-31,0.04368888888888888,0.8138222222222222,0.14259999999999998
52,2010-12-31,2011-01-07,0.04770689655172413,0.7882241379310346,0.164
53,2011-01-07,2011-01-14,0.039363636363636365,0.8538939393939394,0.10677272727272727
54,2011-01-14,2011-01-21,0.05488888888888888,0.7949999999999999,0.15007407407407405
55,2011-01-21,2011-01-28,0.04405405405405405,0.7977702702702704,0.15818918918918917
56,2011-01-28,2011-02-04,0.03944594594594594,0.8089864864864866,0.15156756756756756
57,2011-02-04,2011-02-11,0.030428571428571426,0.8276857142857144,0.14184285714285716
58,2011-02-11,2011-02-18,0.030699999999999998,0.824075,0.1451875
59,2011-02-18,2011-02-25,0.05364383561643835,0.7931095890410957,0.1533287671232877
60,2011-02-25,2011-03-04,0.04152173913043478,0.8078956521739129,0.1506086956521739
61,2011-03-04,2011-03-11,0.05042372881355932,0.8135762711864405,0.1359491525423729
62,2011-03-11,2011-03-18,0.04572131147540984,0.8266065573770492,0.127672131147541
63,2011-03-18,2011-03-25,0.011481481481481481,0.8545185185185185,0.134
64,2011-03-25,2011-04-01,0.0,0.0,0.0
65,2011-04-01,2011-04-08,0.0,0.0,0.0
66,2011-04-08,2011-04-15,0.029979591836734695,0.7971836734693877,0.1728367346938776
67,2011-04-15,2011-04-22,0.05654285714285714,0.7920571428571428,0.1514
68,2011-04-22,2011-04-29,0.06810000000000001,0.7851666666666667,0.1468
69,2011-04-29,2011-05-06,0.024777777777777774,0.8606666666666665,0.1146111111111111
70,2011-05-06,2011-05-13,0.03288888888888889,0.8383809523809523,0.12873015873015872
71,2011-05-13,2011-05-20,0.03507142857142857,0.8498571428571428,0.11514285714285713
72,2011-05-20,2011-05-27,0.0,0.0,0.0
73,2011-05-27,2011-06-03,0.0,0.0,0.0
74,2011-06-03,2011-06-10,0.04062068965517241,0.8374942528735632,0.1218735632183908
75,2011-06-10,2011-06-17,0.048666666666666664,0.8098666666666665,0.14150000000000001
76,2011-06-17,2011-06-24,0.03171739130434783,0.8258478260869566,0.14239130434782607
77,2011-06-24,2011-07-01,0.0522,0.8049666666666667,0.14286666666666664
78,2011-07-01,2011-07-08,0.03196,0.83248,0.13558
79,2011-07-08,2011-07-15,0.03215384615384615,0.8297076923076923,0.13824615384615385
80,2011-07-15,2011-07-22,0.028442307692307694,0.863423076923077,0.10811538461538461
81,2011-07-22,2011-07-29,0.046046511627906975,0.8539069767441859,0.1000232558139535
82,2011-07-29,2011-08-05,0.025875,0.8514305555555555,0.12277777777777778
83,2011-08-05,2011-08-12,0.04710975609756098,0.8183536585365854,0.1345487804878049
84,2011-08-12,2011-08-19,0.03874626865671642,0.825865671641791,0.1353731343283582
85,2011-08-19,2011-08-26,0.04332142857142857,0.824392857142857,0.13230357142857144
86,2011-08-26,2011-09-02,0.04013636363636364,0.785621212121212,0.17419696969696968
87,2011-09-02,2011-09-09,0.038012987012987005,0.8434285714285714,0.1185714285714286
88,2011-09-09,2011-09-16,0.04073076923076923,0.8422307692307692,0.11711538461538461
89,2011-09-16,2011-09-23,0.05186885245901639,0.815688524590164,0.13250819672131145
90,2011-09-23,2011-09-30,0.03290625,0.8620625,0.10509375
91,2011-09-30,2011-10-07,0.028783132530120485,0.8284698795180724,0.142710843373494
92,2011-10-07,2011-10-14,0.047265822784810126,0.817367088607595,0.13539240506329117
93,2011-10-14,2011-10-21,0.0424625,0.8198375000000002,0.13772500000000001
94,2011-10-21,2011-10-28,0.03728155339805826,0.8195922330097088,0.14314563106796116
95,2011-10-28,2011-11-04,0.0403125,0.8431750000000001,0.1165
96,2011-11-04,2011-11-11,0.04289887640449438,0.8303033707865167,0.12677528089887638
97,2011-11-11,2011-11-18,0.034808988764044944,0.839314606741573,0.12588764044943818
98,2011-11-18,2011-11-25,0.047857142857142855,0.8334714285714286,0.11864285714285713
99,2011-11-25,2011-12-02,0.03367532467532468,0.8462987012987012,0.120012987012987
100,2011-12-02,2011-12-09,0.03381578947368421,0.8063245614035087,0.15988596491228071
101,2011-12-09,2011-12-16,0.04567647058823529,0.7845441176470589,0.1698235294117647
102,2011-12-16,2011-12-23,0.028913978494623658,0.8125698924731182,0.1585268817204301
103,2011-12-23,2011-12-30,0.026839285714285715,0.8240535714285715,0.1490357142857143
104,2011-12-30,2012-01-06,0.02488607594936709,0.8310126582278482,0.14410126582278482
105,2012-01-06,2012-01-13,0.0,0.0,0.0
106,2012-01-13,2012-01-20,0.0,0.0,0.0
107,2012-01-20,2012-01-27,0.052246575342465754,0.7781369863013698,0.16967123287671232
108,2012-01-27,2012-02-03,0.0408705035971223,0.8175395683453238,0.14159712230215826
109,2012-02-03,2012-02-10,0.03971028037383178,0.831626168224299,0.12867289719626168
110,2012-02-10,2012-02-17,0.03856565656565656,0.8567676767676767,0.10465656565656567
111,2012-02-17,2012-02-24,0.03387272727272727,0.8515272727272728,0.11458181818181819
112,2012-02-24,2012-03-02,0.040925373134328355,0.8221567164179103,0.13691044776119404
113,2012-03-02,2012-03-09,0.05020879120879121,0.8389120879120878,0.11086813186813185
114,2012-03-09,2012-03-16,0.04160747663551402,0.8337383177570095,0.12461682242990654
115,2012-03-16,2012-03-23,0.04757861635220126,0.8285911949685534,0.12383018867924528
116,2012-03-23,2012-03-30,0.048946308724832216,0.8427785234899328,0.10824832214765101
117,2012-03-30,2012-04-06,0.051426229508196725,0.8539918032786885,0.09460655737704916
118,2012-04-06,2012-04-13,0.038014814814814814,0.8400814814814815,0.12194074074074077
119,2012-04-13,2012-04-20,0.04700934579439252,0.8200560747663551,0.1329719626168224
120,2012-04-20,2012-04-27,0.016456521739130436,0.8539782608695651,0.12957608695652173
121,2012-04-27,2012-05-04,0.04332857142857143,0.8435214285714286,0.11314285714285714
122,2012-05-04,2012-05-11,0.04151006711409396,0.8398322147651007,0.11871140939597317
123,2012-05-11,2012-05-18,0.035330708661417326,0.8322125984251969,0.13244881889763777
124,2012-05-18,2012-05-25,0.03068571428571429,0.81725,0.1520785714285714
125,2012-05-25,2012-06-01,0.039812499999999994,0.8148482142857142,0.14529464285714286
126,2012-06-01,2012-06-08,0.04072327044025157,0.84937106918239,0.10989308176100629
127,2012-06-08,2012-06-15,0.05911258278145695,0.8157152317880795,0.12520529801324504
128,2012-06-15,2012-06-22,0.04091156462585034,0.841659863945578,0.11748299319727891
129,2012-06-22,2012-06-29,0.033509316770186336,0.8315341614906833,0.13493167701863354
130,2012-06-29,2012-07-06,0.04751694915254237,0.8214745762711865,0.13104237288135595
131,2012-07-06,2012-07-13,0.029030864197530867,0.8474567901234569,0.12351234567901234
132,2012-07-13,2012-07-20,0.032875912408759124,0.8441021897810219,0.12303649635036498
133,2012-07-20,2012-07-27,0.03647887323943662,0.8290140845070424,0.1345
134,2012-07-27,2012-08-03,0.05490374331550803,0.8145347593582887,0.13055080213903744
135,2012-08-03,2012-08-10,0.03710695187165775,0.8578609625668449,0.10505882352941177
136,2012-08-10,2012-08-17,0.03711258278145695,0.8451920529801324,0.11770198675496689
137,2012-08-17,2012-08-24,0.05094210526315789,0.8374631578947368,0.11158421052631579
138,2012-08-24,2012-08-31,0.041600000000000005,0.8340055555555556,0.12436111111111112
139,2012-08-31,2012-09-07,0.04274698795180723,0.8351566265060241,0.12206626506024097
140,2012-09-07,2012-09-14,0.04864467005076141,0.8377208121827412,0.11365482233502539
141,2012-09-14,2012-09-21,0.038407142857142855,0.8560428571428572,0.10554285714285712
142,2012-09-21,2012-09-28,0.03928289473684211,0.8426447368421054,0.11809210526315791
143,2012-09-28,2012-10-05,0.03865079365079365,0.8462142857142857,0.11506349206349208
144,2012-10-05,2012-10-12,0.04471739130434783,0.8360652173913042,0.1192173913043478
145,2012-10-12,2012-10-19,0.021864864864864865,0.8411351351351352,0.1370135135135135
146,2012-10-19,2012-10-26,0.03973684210526316,0.8324736842105263,0.12775187969924812
147,2012-10-26,2012-11-02,0.035769999999999996,0.8356800000000001,0.1285
148,2012-11-02,2012-11-09,0.028414893617021278,0.8511914893617021,0.12042553191489362
149,2012-11-09,2012-11-16,0.037677777777777775,0.8294111111111113,0.13292777777777778
150,2012-11-16,2012-11-23,0.04231967213114754,0.833204918032787,0.12445901639344263
151,2012-11-23,2012-11-30,0.034330769230769234,0.850930769230769,0.11476153846153846
152,2012-11-30,2012-12-07,0.03669767441860465,0.8460523255813954,0.11725581395348837
153,2012-12-07,2012-12-14,0.03211764705882353,0.8309294117647059,0.13692941176470588
154,2012-12-14,2012-12-21,0.034379999999999994,0.84281,0.12280999999999999
155,2012-12-21,2012-12-28,0.03192248062015504,0.8322558139534882,0.13579844961240312
156,2012-12-28,2013-01-04,0.034081300813008135,0.8239349593495935,0.14196747967479678
157,2013-01-04,2013-01-11,0.03853642384105961,0.8380264900662252,0.12344370860927152
158,2013-01-11,2013-01-18,0.033956790123456794,0.8326358024691358,0.1333456790123457
159,2013-01-18,2013-01-25,0.03705421686746988,0.8431746987951808,0.11976506024096385
160,2013-01-25,2013-02-01,0.04205882352941176,0.8353529411764706,0.12255882352941176
161,2013-02-01,2013-02-08,0.04400735294117648,0.8334485294117646,0.12250735294117648
162,2013-02-08,2013-02-15,0.03605263157894737,0.8334661654135338,0.13048120300751878
163,2013-02-15,2013-02-22,0.03290066225165563,0.836390728476821,0.13066225165562914
164,2013-02-22,2013-03-01,0.04228289473684211,0.7959342105263157,0.16178947368421054
165,2013-03-01,2013-03-08,0.03922674418604651,0.8409476744186046,0.11980232558139536
166,2013-03-08,2013-03-15,0.033602094240837696,0.8416806282722514,0.1247068062827225
167,2013-03-15,2013-03-22,0.031664000000000005,0.8184400000000003,0.14991200000000002
168,2013-03-22,2013-03-29,0.03659375,0.8454687500000001,0.1179453125
169,2013-03-29,2013-04-05,0.04327142857142857,0.8320428571428571,0.12467857142857144
170,2013-04-05,2013-04-12,0.03560683760683761,0.8544444444444445,0.10996581196581197
171,2013-04-12,2013-04-19,0.0,0.0,0.0
172,2013-04-19,2013-04-26,0.0,0.0,0.0
173,2013-04-26,2013-05-03,0.03222314049586777,0.8342231404958678,0.13357851239669422
174,2013-05-03,2013-05-10,0.03565497076023392,0.8438830409356723,0.12046198830409356
175,2013-05-10,2013-05-17,0.021634328358208957,0.8475895522388059,0.13075373134328358
176,2013-05-17,2013-05-24,0.03448623853211009,0.8607981651376146,0.10469724770642203
177,2013-05-24,2013-05-31,0.03432520325203252,0.8531219512195122,0.11252845528455285
178,2013-05-31,2013-06-07,0.04195454545454546,0.8410090909090908,0.11706363636363636
179,2013-06-07,2013-06-14,0.03631451612903226,0.8450241935483871,0.1186532258064516
180,2013-06-14,2013-06-21,0.030231481481481488,0.8475462962962963,0.12224074074074076
181,2013-06-21,2013-06-28,0.03884761904761905,0.837847619047619,0.12326666666666666
182,2013-06-28,2013-07-05,0.04314814814814816,0.8285679012345679,0.1282962962962963
183,2013-07-05,2013-07-12,0.03101666666666667,0.8464666666666667,0.12247499999999996
184,2013-07-12,2013-07-19,0.03462105263157895,0.8388315789473684,0.12659999999999996
185,2013-07-19,2013-07-26,0.029157480314960633,0.8539842519685039,0.11688976377952755
186,2013-07-26,2013-08-02,0.03368867924528302,0.848820754716981,0.11753773584905662
187,2013-08-02,2013-08-09,0.03588148148148148,0.8311037037037037,0.13301481481481478
188,2013-08-09,2013-08-16,0.03204651162790697,0.8591550387596898,0.10882945736434108
189,2013-08-16,2013-08-23,0.037663461538461535,0.8356442307692306,0.12674999999999997
190,2013-08-23,2013-08-30,0.026811320754716983,0.8617830188679244,0.1114056603773585
191,2013-08-30,2013-09-06,0.0357,0.8436846153846154,0.1206076923076923
192,2013-09-06,2013-09-13,0.04386046511627907,0.8574302325581392,0.09872093023255814
193,2013-09-13,2013-09-20,0.03856774193548387,0.8529483870967741,0.1084709677419355
194,2013-09-20,2013-09-27,0.028700787401574807,0.8426220472440943,0.12866929133858268
195,2013-09-27,2013-10-04,0.04032116788321168,0.8396350364963504,0.12002919708029199
196,2013-10-04,2013-10-11,0.046032,0.83472,0.11933599999999998
197,2013-10-11,2013-10-18,0.03279130434782609,0.8645565217391303,0.10264347826086959
198,2013-10-18,2013-10-25,0.04432692307692308,0.8575769230769232,0.09801923076923079
199,2013-10-25,2013-11-01,0.042247058823529415,0.846164705882353,0.11159999999999996
200,2013-11-01,2013-11-08,0.041115107913669076,0.8370647482014388,0.12182014388489208
201,2013-11-08,2013-11-15,0.04260740740740741,0.8354296296296295,0.12193333333333335
202,2013-11-15,2013-11-22,0.03056896551724138,0.8469137931034483,0.12255172413793103
203,2013-11-22,2013-11-29,0.04087378640776699,0.8522912621359223,0.10687378640776699
204,2013-11-29,2013-12-06,0.027295454545454546,0.8681363636363638,0.10454545454545454
205,2013-12-06,2013-12-13,0.0,0.0,0.0
206,2013-12-13,2013-12-20,0.03515625,0.8359875000000001,0.12885624999999998
207,2013-12-20,2013-12-27,0.0,0.0,0.0
208,2013-12-27,2014-01-03,0.03375206611570248,0.8578429752066117,0.10838842975206613
209,2014-01-03,2014-01-10,0.04193129770992366,0.8458702290076335,0.11223664122137404
210,2014-01-10,2014-01-17,0.038139705882352944,0.8404117647058823,0.12146323529411764
211,2014-01-17,2014-01-24,0.03558045977011494,0.8553160919540229,0.10912643678160919
212,2014-01-24,2014-01-31,0.042863157894736846,0.845436842105263,0.11166842105263157
213,2014-01-31,2014-02-07,0.04977358490566038,0.8388238993710693,0.11139622641509436
214,2014-02-07,2014-02-14,0.03658385093167702,0.8511925465838509,0.11222981366459626
215,2014-02-14,2014-02-21,0.03491279069767442,0.8224418604651161,0.14262790697674418
216,2014-02-21,2014-02-28,0.03370285714285714,0.8447142857142859,0.12153714285714287
217,2014-02-28,2014-03-07,0.04327999999999999,0.8388133333333333,0.11791333333333331
218,2014-03-07,2014-03-14,0.034589189189189185,0.8661405405405405,0.09931891891891893
219,2014-03-14,2014-03-21,0.030954248366013064,0.8338169934640524,0.13522222222222222
220,2014-03-21,2014-03-28,0.02806211180124224,0.8602298136645964,0.11173913043478262
221,2014-03-28,2014-04-04,0.041591194968553465,0.8401320754716982,0.11826415094339622
222,2014-04-04,2014-04-11,0.02912056737588653,0.8435390070921985,0.1273617021276596
223,2014-04-11,2014-04-18,0.03643150684931507,0.8625958904109589,0.10095890410958905
224,2014-04-18,2014-04-25,0.037395973154362425,0.8520335570469799,0.11053691275167785
225,2014-04-25,2014-05-02,0.040342657342657344,0.8373076923076922,0.12233566433566434
226,2014-05-02,2014-05-09,0.03696226415094339,0.8510251572327046,0.1120188679245283
227,2014-05-09,2014-05-16,0.031221621621621624,0.8506162162162162,0.11816756756756755
228,2014-05-16,2014-05-23,0.04147552447552448,0.8449930069930071,0.11351748251748249
229,2014-05-23,2014-05-30,0.04240112994350283,0.8292429378531074,0.1283333333333333
230,2014-05-30,2014-06-06,0.03335820895522388,0.8539776119402985,0.11269402985074627
231,2014-06-06,2014-06-13,0.02875384615384615,0.8660846153846153,0.10511538461538461
232,2014-06-13,2014-06-20,0.025310077519379845,0.8843488372093024,0.09028682170542636
233,2014-06-20,2014-06-27,0.031677215189873424,0.8490632911392404,0.11924683544303798
234,2014-06-27,2014-07-04,0.030704918032786886,0.8462349726775956,0.12306010928961748
235,2014-07-04,2014-07-11,0.04081366459627329,0.8586521739130436,0.10054037267080744
236,2014-07-11,2014-07-18,0.034241134751773046,0.8573617021276595,0.10839716312056738
237,2014-07-18,2014-07-25,0.033100000000000004,0.843223076923077,0.12368461538461539
238,2014-07-25,2014-08-01,0.030422619047619046,0.8504821428571429,0.11910119047619047
239,2014-08-01,2014-08-08,0.03956804733727811,0.8402366863905325,0.12024260355029584
240,2014-08-08,2014-08-15,0.047620437956204374,0.8517810218978102,0.10054014598540147
241,2014-08-15,2014-08-22,0.034,0.8586406249999999,0.107375
242,2014-08-22,2014-08-29,0.03397714285714286,0.8472,0.11886285714285717
243,2014-08-29,2014-09-05,0.035344497607655505,0.8497464114832538,0.11494736842105263
244,2014-09-05,2014-09-12,0.037475247524752474,0.8433613861386138,0.1191881188118812
245,2014-09-12,2014-09-19,0.03638983050847457,0.8363446327683615,0.12725988700564975
246,2014-09-19,2014-09-26,0.039401574803149604,0.8286456692913386,0.13199212598425195
247,2014-09-26,2014-10-03,0.034828025477707004,0.8498471337579617,0.11536305732484077
248,2014-10-03,2014-10-10,0.03770391061452514,0.8377821229050278,0.12455307262569833
249,2014-10-10,2014-10-17,0.04409039548022599,0.8494632768361582,0.10645762711864407
250,2014-10-17,2014-10-24,0.0,0.0,0.0
251,2014-10-24,2014-10-31,0.0,0.0,0.0
252,2014-10-31,2014-11-07,0.03884313725490196,0.8471176470588234,0.11403921568627452
253,2014-11-07,2014-11-14,0.032890909090909096,0.8366484848484849,0.13045454545454546
254,2014-11-14,2014-11-21,0.03279411764705883,0.8241647058823529,0.1430764705882353
255,2014-11-21,2014-11-28,0.0379050279329609,0.8651005586592178,0.097
256,2014-11-28,2014-12-05,0.0346046511627907,0.8514127906976743,0.11398837209302325
257,2014-12-05,2014-12-12,0.04345777777777777,0.8396755555555555,0.11685777777777777
258,2014-12-12,2014-12-19,0.035638190954773864,0.8602311557788944,0.10413065326633167
259,2014-12-19,2014-12-26,0.03257462686567164,0.8429701492537313,0.12444776119402984
260,2014-12-26,2015-01-02,0.049925170068027214,0.848843537414966,0.10127891156462586
261,2015-01-02,2015-01-09,0.03041704035874439,0.8617937219730941,0.10782511210762331
262,2015-01-09,2015-01-16,0.027491228070175438,0.8588713450292399,0.11360233918128657
263,2015-01-16,2015-01-23,0.03224454148471616,0.853117903930131,0.11466812227074236
264,2015-01-23,2015-01-30,0.04298918918918919,0.8424054054054055,0.11461621621621622
265,2015-01-30,2015-02-06,0.036242009132420094,0.856675799086758,0.10703196347031962
266,2015-02-06,2015-02-13,0.03687939698492462,0.8290703517587941,0.1340150753768844
267,2015-02-13,2015-02-20,0.039044198895027624,0.8563977900552486,0.10456906077348066
268,2015-02-20,2015-02-27,0.037110047846889954,0.8394641148325358,0.12344497607655502
269,2015-02-27,2015-03-06,0.036995192307692305,0.8419519230769231,0.12106249999999999
270,2015-03-06,2015-03-13,0.032375,0.8396750000000001,0.12792499999999998
271,2015-03-13,2015-03-20,0.039932584269662924,0.8449719101123594,0.11511235955056182
272,2015-03-20,2015-03-27,0.037294736842105256,0.8466894736842105,0.11601578947368422
273,2015-03-27,2015-04-03,0.034701086956521736,0.8430652173913044,0.12224999999999998
274,2015-04-03,2015-04-10,0.03623899371069183,0.8432578616352201,0.12051572327044027
275,2015-04-10,2015-04-17,0.03398823529411765,0.8449000000000001,0.12112352941176471
276,2015-04-17,2015-04-24,0.03938922155688623,0.8406946107784432,0.11991616766467066
277,2015-04-24,2015-05-01,0.029495283018867925,0.8453915094339624,0.1250990566037736
278,2015-05-01,2015-05-08,0.04359883720930233,0.8427267441860465,0.11364534883720931
279,2015-05-08,2015-05-15,0.03357386363636364,0.843659090909091,0.12276704545454548
280,2015-05-15,2015-05-22,0.0,0.0,0.0
281,2015-05-22,2015-05-29,0.031279569892473116,0.855505376344086,0.11324731182795698
282,2015-05-29,2015-06-05,0.03937988826815643,0.8403798882681565,0.12028491620111734
283,2015-06-05,2015-06-12,0.02764077669902913,0.816145631067961,0.15619417475728156
284,2015-06-12,2015-06-19,0.04148066298342542,0.8461160220994475,0.11242541436464089
285,2015-06-19,2015-06-26,0.03888405797101449,0.8515797101449275,0.1094927536231884
286,2015-06-26,2015-07-03,0.03374418604651163,0.8532325581395348,0.1129767441860465
287,2015-07-03,2015-07-10,0.03169811320754717,0.857811320754717,0.11049999999999999
288,2015-07-10,2015-07-17,0.03566666666666666,0.8622727272727272,0.10207575757575758
289,2015-07-17,2015-07-24,0.032871093750000004,0.85020703125,0.11694921875
290,2015-07-24,2015-07-31,0.039284974093264244,0.8518808290155441,0.10885492227979275
291,2015-07-31,2015-08-07,0.035166666666666666,0.854516129032258,0.11033333333333334
292,2015-08-07,2015-08-14,0.030906666666666666,0.8406,0.12846222222222223
293,2015-08-14,2015-08-21,0.03524686192468619,0.8420418410041841,0.12269874476987448
294,2015-08-21,2015-08-28,0.03901310043668123,0.8539650655021834,0.10697816593886462
295,2015-08-28,2015-09-04,0.030789237668161433,0.8490582959641257,0.1201748878923767
296,2015-09-04,2015-09-11,0.0309957805907173,0.8473544303797468,0.12166666666666667
297,2015-09-11,2015-09-18,0.041506172839506174,0.8568024691358024,0.10169135802469136
298,2015-09-18,2015-09-25,0.029719101123595507,0.8474831460674157,0.12280898876404496
299,2015-09-25,2015-10-02,0.03889570552147239,0.8541411042944785,0.10696319018404907
300,2015-10-02,2015-10-09,0.03956790123456791,0.862320987654321,0.09807407407407408
301,2015-10-09,2015-10-16,0.03572413793103448,0.8496256157635468,0.11464532019704433
302,2015-10-16,2015-10-23,0.03588995215311005,0.8478564593301435,0.11624401913875598
303,2015-10-23,2015-10-30,0.03359433962264151,0.8673962264150944,0.09898584905660376
304,2015-10-30,2015-11-06,0.036369565217391306,0.8521913043478262,0.11143478260869566
305,2015-11-06,2015-11-13,0.03802479338842976,0.8655289256198347,0.09642148760330578
306,2015-11-13,2015-11-20,0.029357894736842107,0.8509631578947368,0.1196842105263158
307,2015-11-20,2015-11-27,0.028269005847953214,0.8657660818713452,0.1059766081871345
308,2015-11-27,2015-12-04,0.03776233183856502,0.8540179372197311,0.1082286995515695
309,2015-12-04,2015-12-11,0.033280000000000004,0.84918,0.117545
310,2015-12-11,2015-12-18,0.04278333333333333,0.8444333333333333,0.11277777777777778
311,2015-12-18,2015-12-25,0.03592233009708738,0.8570339805825241,0.10703398058252427
312,2015-12-25,2016-01-01,0.03627118644067796,0.8471920903954803,0.11646892655367233
313,2016-01-01,2016-01-08,0.030502617801047117,0.8498952879581151,0.1196020942408377
314,2016-01-08,2016-01-15,0.03454583333333334,0.8599499999999999,0.10552916666666667
315,2016-01-15,2016-01-22,0.03699047619047619,0.8561285714285716,0.10685714285714284
316,2016-01-22,2016-01-29,0.046201581027667984,0.8505019762845849,0.10330830039525692
317,2016-01-29,2016-02-05,0.030480836236933803,0.8543449477351917,0.11517770034843204
318,2016-02-05,2016-02-12,0.026417391304347827,0.8629130434782608,0.11065217391304348
319,2016-02-12,2016-02-19,0.027683962264150944,0.8473301886792454,0.1250188679245283
320,2016-02-19,2016-02-26,0.03596803652968037,0.8509954337899543,0.11300456621004563
321,2016-02-26,2016-03-04,0.0346504854368932,0.8714466019417476,0.09392233009708738
322,2016-03-04,2016-03-11,0.035572580645161285,0.8685483870967742,0.09591935483870968
323,2016-03-11,2016-03-18,0.03359782608695652,0.8481141304347826,0.11829347826086956
324,2016-03-18,2016-03-25,0.0266421052631579,0.872657894736842,0.10069473684210525
325,2016-03-25,2016-04-01,0.03506918238993711,0.8631132075471699,0.10179874213836478
326,2016-04-01,2016-04-08,0.04057142857142858,0.8608938775510203,0.09853877551020408
327,2016-04-08,2016-04-15,0.032588652482269505,0.8620780141843971,0.10533333333333333
328,2016-04-15,2016-04-22,0.0382267657992565,0.8462490706319703,0.1154907063197026
329,2016-04-22,2016-04-29,0.03416906474820144,0.8604388489208634,0.10533453237410072
330,2016-04-29,2016-05-06,0.03601492537313433,0.8739900497512437,0.08993532338308456
331,2016-05-06,2016-05-13,0.0288019801980198,0.8491534653465347,0.12202970297029703
332,2016-05-13,2016-05-20,0.028373493975903614,0.8514939759036144,0.12011646586345381
333,2016-05-20,2016-05-27,0.036555555555555556,0.8497066666666666,0.11373777777777778
334,2016-05-27,2016-06-03,0.03211111111111111,0.855030303030303,0.11282828282828283
335,2016-06-03,2016-06-10,0.028694835680751173,0.8727934272300468,0.09849765258215964
336,2016-06-10,2016-06-17,0.035448028673835126,0.8635878136200718,0.10094982078853046
337,2016-06-17,2016-06-24,0.035111111111111114,0.8507444444444444,0.11414444444444444
338,2016-06-24,2016-07-01,0.0343952380952381,0.8590809523809523,0.10652380952380953
339,2016-07-01,2016-07-08,0.029158995815899584,0.8555690376569037,0.11525941422594141
340,2016-07-08,2016-07-15,0.031884615384615386,0.8542222222222222,0.11391880341880342
341,2016-07-15,2016-07-22,0.04079365079365079,0.8437261904761905,0.11545634920634922
342,2016-07-22,2016-07-29,0.039971830985915495,0.8515,0.10847535211267606
343,2016-07-29,2016-08-05,0.03292400000000001,0.8574960000000001,0.10956
344,2016-08-05,2016-08-12,0.03247321428571428,0.8548839285714287,0.11261160714285715
345,2016-08-12,2016-08-19,0.03365044247787611,0.8429734513274336,0.12336283185840709
346,2016-08-19,2016-08-26,0.036891089108910896,0.8587095709570955,0.10436963696369636
347,2016-08-26,2016-09-02,0.0323235294117647,0.8616890756302521,0.10596218487394958
348,2016-09-02,2016-09-09,0.03333333333333333,0.8622786069651742,0.10434825870646768
349,2016-09-09,2016-09-16,0.03581578947368422,0.8370488721804512,0.1271127819548872
350,2016-09-16,2016-09-23,0.04105531914893617,0.8538340425531915,0.10510212765957448
351,2016-09-23,2016-09-30,0.0,0.0,0.0
352,2016-09-30,2016-10-07,0.0,0.0,0.0
353,2016-10-07,2016-10-14,0.03365022421524663,0.8604260089686099,0.10594170403587444
354,2016-10-14,2016-10-21,0.032443396226415094,0.8653584905660379,0.10217924528301886
355,2016-10-21,2016-10-28,0.03079891304347826,0.8731684782608696,0.0960217391304348
356,2016-10-28,2016-11-04,0.03250442477876106,0.8672699115044247,0.10020796460176991
357,2016-11-04,2016-11-11,0.03887450980392157,0.8595568627450981,0.10155294117647057
358,2016-11-11,2016-11-18,0.030089068825910933,0.856246963562753,0.11365587044534413
359,2016-11-18,2016-11-25,0.04161951219512195,0.8495658536585365,0.10877073170731706
360,2016-11-25,2016-12-02,0.0330766550522648,0.8591951219512195,0.10774564459930314
361,2016-12-02,2016-12-09,0.0353109243697479,0.8624579831932774,0.102218487394958
362,2016-12-09,2016-12-16,0.03424302788844621,0.8674661354581674,0.09828685258964144
363,2016-12-16,2016-12-23,0.03617120622568093,0.8670817120622567,0.09671595330739301
364,2016-12-23,2016-12-30,0.03811538461538462,0.8496682692307692,0.11221634615384612
365,2016-12-30,2017-01-06,0.034404411764705885,0.8565514705882354,0.10903308823529412
366,2017-01-06,2017-01-13,0.03593788819875776,0.8544472049689443,0.10961490683229813
367,2017-01-13,2017-01-20,0.04152822580645161,0.8536814516129032,0.10479435483870966
368,2017-01-20,2017-01-27,0.041600000000000005,0.8376999999999999,0.12069285714285713
369,2017-01-27,2017-02-03,0.0364,0.8568823529411764,0.10672156862745097
370,2017-02-03,2017-02-10,0.030741007194244604,0.8563309352517986,0.11293165467625899
371,2017-02-10,2017-02-17,0.03432459016393443,0.8620622950819671,0.10360983606557375
372,2017-02-17,2017-02-24,0.0412029520295203,0.8376900369003688,0.12108118081180813
373,2017-02-24,2017-03-03,0.028813397129186603,0.8512105263157894,0.12
374,2017-03-03,2017-03-10,0.03731517509727626,0.8535175097276265,0.10914396887159535
375,2017-03-10,2017-03-17,0.03297701149425287,0.8576973180076628,0.10935249042145594
376,2017-03-17,2017-03-24,0.0335607476635514,0.8566028037383177,0.10983177570093457
377,2017-03-24,2017-03-31,0.032484848484848484,0.872008658008658,0.09548051948051947
378,2017-03-31,2017-04-07,0.033594488188976375,0.8379094488188975,0.12846850393700787
379,2017-04-07,2017-04-14,0.03255042016806722,0.8447058823529413,0.12273109243697478
380,2017-04-14,2017-04-21,0.039514018691588784,0.8577943925233644,0.10273364485981308
381,2017-04-21,2017-04-28,0.03193162393162393,0.8404145299145299,0.1276837606837607
382,2017-04-28,2017-05-05,0.03663348416289593,0.8556425339366518,0.10771040723981902
383,2017-05-05,2017-05-12,0.036139344262295085,0.8620204918032786,0.10182377049180329
384,2017-05-12,2017-05-19,0.035092165898617515,0.8597880184331798,0.10513364055299539
385,2017-05-19,2017-05-26,0.031828282828282824,0.8616969696969699,0.10646464646464647
386,2017-05-26,2017-06-02,0.033446078431372546,0.8562156862745098,0.11037254901960783
387,2017-06-02,2017-06-09,0.03557142857142857,0.8670089285714286,0.09742857142857142
388,2017-06-09,2017-06-16,0.034396135265700484,0.8751884057971014,0.09042512077294687
389,2017-06-16,2017-06-23,0.038517391304347816,0.8472826086956522,0.11418695652173912
390,2017-06-23,2017-06-30,0.03555762081784387,0.853620817843866,0.11083643122676579
391,2017-06-30,2017-07-07,0.028612648221343878,0.862608695652174,0.10880632411067193
392,2017-07-07,2017-07-14,0.028930069930069933,0.8635769230769231,0.10752447552447553
393,2017-07-14,2017-07-21,0.044541501976284585,0.8418774703557312,0.11354150197628458
394,2017-07-21,2017-07-28,0.03428294573643411,0.8409573643410853,0.1247906976744186
395,2017-07-28,2017-08-04,0.040084999999999996,0.844845,0.11506999999999998
396,2017-08-04,2017-08-11,0.04146638655462185,0.851126050420168,0.10743697478991597
397,2017-08-11,2017-08-18,0.032682926829268294,0.8580975609756099,0.1092341463414634
398,2017-08-18,2017-08-25,0.037514851485148513,0.8676039603960397,0.09491089108910891
399,2017-08-25,2017-09-01,0.031209401709401712,0.8669230769230769,0.10186324786324785
400,2017-09-01,2017-09-08,0.029850467289719625,0.8597336448598131,0.11041588785046728
401,2017-09-08,2017-09-15,0.02693034825870647,0.8698905472636816,0.10321890547263682
402,2017-09-15,2017-09-22,0.042554999999999996,0.8533750000000001,0.104055
403,2017-09-22,2017-09-29,0.039134782608695656,0.8587565217391305,0.10212608695652173
404,2017-09-29,2017-10-06,0.024969696969696975,0.8685909090909092,0.10645959595959596
405,2017-10-06,2017-10-13,0.03236945812807882,0.8579310344827586,0.1096650246305419
406,2017-10-13,2017-10-20,0.029750988142292486,0.8453280632411067,0.12488537549407114
407,2017-10-20,2017-10-27,0.042429718875502016,0.8577148594377512,0.09989558232931728
408,2017-10-27,2017-11-03,0.031221105527638196,0.8529095477386934,0.11585929648241208
409,2017-11-03,2017-11-10,0.033582089552238806,0.8640410447761193,0.10242537313432837
410,2017-11-10,2017-11-17,0.0380625,0.8522589285714286,0.10965625000000001
411,2017-11-17,2017-11-24,0.03706787330316743,0.8579049773755655,0.10500904977375566
412,2017-11-24,2017-12-01,0.03456578947368421,0.8537456140350875,0.11169298245614036
413,2017-12-01,2017-12-08,0.03723200000000001,0.8547760000000001,0.10796400000000002
414,2017-12-08,2017-12-15,0.03149115044247788,0.8670486725663717,0.10148230088495575
415,2017-12-15,2017-12-22,0.03752093023255814,0.8455999999999999,0.11693023255813956
416,2017-12-22,2017-12-29,0.045514285714285715,0.8553257142857144,0.09917142857142858
417,2017-12-29,2018-01-05,0.03436559139784946,0.8606935483870968,0.10494086021505375
418,2018-01-05,2018-01-12,0.032375,0.8539567307692307,0.11368269230769232
419,2018-01-12,2018-01-19,0.030614583333333334,0.8598385416666666,0.10960416666666667
420,2018-01-19,2018-01-26,0.034326086956521736,0.8540869565217392,0.11159565217391304
421,2018-01-26,2018-02-02,0.03467768595041322,0.8626983471074379,0.10265289256198347
422,2018-02-02,2018-02-09,0.03483628318584071,0.855212389380531,0.10996017699115043
423,2018-02-09,2018-02-16,0.02958267716535433,0.8647204724409449,0.10570472440944882
424,2018-02-16,2018-02-23,0.030793269230769228,0.8743269230769232,0.09486538461538462
425,2018-02-23,2018-03-02,0.03114925373134329,0.8566417910447761,0.11219900497512438
426,2018-03-02,2018-03-09,0.03685892116182573,0.845369294605809,0.11780912863070539
427,2018-03-09,2018-03-16,0.034283653846153846,0.8528653846153846,0.11284134615384615
428,2018-03-16,2018-03-23,0.03268259385665529,0.8656382252559727,0.10171331058020476
429,2018-03-23,2018-03-30,0.02888986784140969,0.8664977973568282,0.10461674008810572
430,2018-03-30,2018-04-06,0.0376774193548387,0.8587137096774194,0.10359677419354836
431,2018-04-06,2018-04-13,0.041136807817589584,0.8591726384364822,0.09969381107491858
432,2018-04-13,2018-04-20,0.03403347280334728,0.8538786610878661,0.11205439330543933
433,2018-04-20,2018-04-27,0.032100000000000004,0.8692545454545454,0.09860909090909092
434,2018-04-27,2018-05-04,0.03282258064516129,0.8659717741935485,0.10120564516129034
435,2018-05-04,2018-05-11,0.03731854838709677,0.854508064516129,0.10816129032258065
436,2018-05-11,2018-05-18,0.03912785388127854,0.84248401826484,0.11840639269406394
437,2018-05-18,2018-05-25,0.038149999999999996,0.85343,0.108415
438,2018-05-25,2018-06-01,0.035923766816143496,0.8573363228699551,0.1067219730941704
439,2018-06-01,2018-06-08,0.032795,0.8661800000000001,0.10105
440,2018-06-08,2018-06-15,0.034871595330739295,0.8530077821011673,0.11210505836575875
441,2018-06-15,2018-06-22,0.033803088803088806,0.8585559845559845,0.10762934362934364
442,2018-06-22,2018-06-29,0.036710743801652894,0.8561652892561984,0.10713636363636364
443,2018-06-29,2018-07-06,0.025434599156118145,0.8665189873417722,0.10805485232067512
444,2018-07-06,2018-07-13,0.040495652173913044,0.8459695652173913,0.11354782608695652
445,2018-07-13,2018-07-20,0.03802094240837696,0.8399738219895289,0.12203141361256545
446,2018-07-20,2018-07-27,0.03434871794871795,0.8563897435897435,0.10924615384615383
447,2018-07-27,2018-08-03,0.037855371900826454,0.8587520661157025,0.10340909090909091
448,2018-08-03,2018-08-10,0.029772727272727274,0.8566776859504133,0.1135413223140496
449,2018-08-10,2018-08-17,0.029305785123966945,0.8735702479338843,0.09711157024793388
450,2018-08-17,2018-08-24,0.03183181818181818,0.8724409090909091,0.09572727272727272
451,2018-08-24,2018-08-31,0.03351778656126483,0.8629644268774704,0.10352173913043479
452,2018-08-31,2018-09-07,0.03426442307692308,0.8628028846153845,0.10289903846153846
453,2018-09-07,2018-09-14,0.025858870967741938,0.8542661290322581,0.11989112903225806
454,2018-09-14,2018-09-21,0.04355111111111112,0.8543822222222222,0.10206222222222222
455,2018-09-21,2018-09-28,0.03515811965811966,0.8674658119658121,0.09736324786324786
456,2018-09-28,2018-10-05,0.03829012345679012,0.8488395061728395,0.11283333333333333
457,2018-10-05,2018-10-12,0.03934615384615385,0.8468538461538462,0.11378076923076923
458,2018-10-12,2018-10-19,0.03590940766550523,0.8659059233449479,0.09816724738675958
459,2018-10-19,2018-10-26,0.03896321070234114,0.864066889632107,0.09696655518394648
460,2018-10-26,2018-11-02,0.03775577557755776,0.8534356435643563,0.10883168316831683
461,2018-11-02,2018-11-09,0.04338582677165354,0.8598267716535434,0.09679527559055118
462,2018-11-09,2018-11-16,0.04025083612040135,0.854608695652174,0.1051036789297659
463,2018-11-16,2018-11-23,0.042575645756457565,0.850461254612546,0.10698154981549816
464,2018-11-23,2018-11-30,0.03488461538461539,0.8544580419580419,0.11066783216783217
465,2018-11-30,2018-12-07,0.03411041009463722,0.864813880126183,0.10107255520504733
466,2018-12-07,2018-12-14,0.03727519379844962,0.8512906976744187,0.11144961240310079
467,2018-12-14,2018-12-21,0.0331448275862069,0.8545,0.11235172413793101
468,2018-12-21,2018-12-28,0.02697008547008547,0.8625470085470086,0.11046153846153846
469,2018-12-28,2019-01-04,0.03635714285714285,0.847203007518797,0.11642857142857144
470,2019-01-04,2019-01-11,0.03719463087248322,0.8461845637583892,0.11661744966442951
471,2019-01-11,2019-01-18,0.03304979253112033,0.8557178423236514,0.11126970954356848
472,2019-01-18,2019-01-25,0.033994152046783625,0.8480175438596491,0.11801169590643275
473,2019-01-25,2019-02-01,0.03455591054313099,0.8583130990415335,0.107111821086262
474,2019-02-01,2019-02-08,0.031754777070063696,0.8475127388535033,0.12074522292993631
475,2019-02-08,2019-02-15,0.03670570570570571,0.8601681681681681,0.10314414414414415
476,2019-02-15,2019-02-22,0.03323298429319372,0.8676047120418848,0.09915445026178012
477,2019-02-22,2019-03-01,0.03385166240409207,0.8565677749360614,0.10959590792838873
478,2019-03-01,2019-03-08,0.03154188481675393,0.8642539267015706,0.10422774869109946
479,2019-03-08,2019-03-15,0.03262658227848102,0.8659082278481013,0.10146835443037974
480,2019-03-15,2019-03-22,0.03185342019543974,0.8733550488599349,0.09479478827361565
481,2019-03-22,2019-03-29,0.03644611528822055,0.8473609022556391,0.1162005012531328
482,2019-03-29,2019-04-05,0.027590322580645164,0.8626193548387098,0.10978064516129031
483,2019-04-05,2019-04-12,0.038412903225806455,0.8557967741935485,0.10579354838709677
484,2019-04-12,2019-04-19,0.039775510204081634,0.8569970845481051,0.10326822157434402
485,2019-04-19,2019-04-26,0.03719141914191419,0.8568580858085808,0.10594719471947196
486,2019-04-26,2019-05-03,0.040987421383647804,0.8484685534591194,0.11054716981132075
487,2019-05-03,2019-05-10,0.036799342105263165,0.8549144736842106,0.10831578947368423
488,2019-05-10,2019-05-17,0.04038434163701068,0.8580640569395018,0.1015693950177936
489,2019-05-17,2019-05-24,0.033870748299319735,0.8541734693877551,0.11196258503401361
490,2019-05-24,2019-05-31,0.03486261980830672,0.8546677316293929,0.11046964856230031
491,2019-05-31,2019-06-07,0.03925407166123779,0.8643648208469056,0.09636807817589577
492,2019-06-07,2019-06-14,0.035086642599277976,0.844303249097473,0.12059205776173286
493,2019-06-14,2019-06-21,0.037175496688741726,0.8426092715231789,0.1202317880794702
494,2019-06-21,2019-06-28,0.030127272727272728,0.8593151515151514,0.11053939393939392
495,2019-06-28,2019-07-05,0.033889610389610386,0.8609188311688312,0.10519805194805193
496,2019-07-05,2019-07-12,0.033967625899280575,0.8615539568345324,0.10447841726618705
497,2019-07-12,2019-07-19,0.03223280423280424,0.8617566137566138,0.105994708994709
498,2019-07-19,2019-07-26,0.03646440677966102,0.8549389830508476,0.10857966101694914
499,2019-07-26,2019-08-02,0.0,0.0,0.0
500,2019-08-02,2019-08-09,0.0,0.0,0.0
501,2019-08-09,2019-08-16,0.03573684210526316,0.8544459833795014,0.109803324099723
502,2019-08-16,2019-08-23,0.03546177370030581,0.85217125382263,0.11236085626911314
503,2019-08-23,2019-08-30,0.030702127659574467,0.8654432624113475,0.1038404255319149
504,2019-08-30,2019-09-06,0.0369060606060606,0.8499484848484851,0.11313939393939393
505,2019-09-06,2019-09-13,0.03874561403508772,0.8550029239766082,0.10625730994152048
506,2019-09-13,2019-09-20,0.03422857142857143,0.8478441558441558,0.11790909090909092
507,2019-09-20,2019-09-27,0.03801612903225807,0.8503129032258064,0.11166129032258063
508,2019-09-27,2019-10-04,0.0375344262295082,0.8572163934426228,0.10521311475409835
509,2019-10-04,2019-10-11,0.02988853503184714,0.8628535031847135,0.1072420382165605
510,2019-10-11,2019-10-18,0.0,0.0,0.0
511,2019-10-18,2019-10-25,0.0,0.0,0.0
512,2019-10-25,2019-11-01,0.0361557632398754,0.8604267912772586,0.10339252336448598
513,2019-11-01,2019-11-08,0.03929558011049724,0.8562569060773482,0.10446132596685083
514,2019-11-08,2019-11-15,0.0,0.0,0.0
515,2019-11-15,2019-11-22,0.03990332326283988,0.8578066465256796,0.10231117824773414
516,2019-11-22,2019-11-29,0.034368098159509204,0.8558466257668711,0.10979141104294479
517,2019-11-29,2019-12-06,0.0,0.0,0.0
518,2019-12-06,2019-12-13,0.031601671309192204,0.848058495821727,0.12033147632311977
519,2019-12-13,2019-12-20,0.04001146131805158,0.855647564469914,0.10434670487106018
520,2019-12-20,2019-12-27,0.03070418006430868,0.861974276527331,0.10732475884244373
521,2019-12-27,2020-01-03,0.03683615819209039,0.8584463276836157,0.10472033898305086
522,2020-01-03,2020-01-10,0.030076530612244894,0.8648418367346938,0.10508163265306122
523,2020-01-10,2020-01-17,0.04441964285714286,0.8478630952380951,0.10772321428571428
524,2020-01-17,2020-01-24,0.03523484848484848,0.8575833333333334,0.10715656565656564
525,2020-01-24,2020-01-31,0.04109725685785536,0.8572718204488777,0.10162094763092269
526,2020-01-31,2020-02-07,0.03524365482233503,0.8622208121827412,0.10252030456852793
527,2020-02-07,2020-02-14,0.03197948717948718,0.8591717948717948,0.10884615384615386
528,2020-02-14,2020-02-21,0.03809736842105263,0.8435789473684212,0.11829736842105264
529,2020-02-21,2020-02-28,0.038063037249283664,0.8546074498567334,0.1073266475644699
530,2020-02-28,2020-03-06,0.03919444444444444,0.8473981481481482,0.11339814814814815
531,2020-03-06,2020-03-13,0.03193548387096774,0.8547478005865102,0.11333137829912024
532,2020-03-13,2020-03-20,0.03612465373961219,0.8610498614958447,0.10280609418282548
533,2020-03-20,2020-03-27,0.03240888888888889,0.84748,0.12010888888888888
534,2020-03-27,2020-04-03,0.03197155361050329,0.8584245076586433,0.10961050328227571
535,2020-04-03,2020-04-10,0.033682974559686885,0.8559921722113504,0.11033659491193738
536,2020-04-10,2020-04-17,0.030167487684729065,0.8558423645320197,0.11398357963875205
537,2020-04-17,2020-04-24,0.02894943820224719,0.8624157303370786,0.10864606741573032
538,2020-04-24,2020-05-01,0.032874999999999995,0.857858695652174,0.1092590579710145
539,2020-05-01,2020-05-08,0.03795412844036697,0.8512,0.1108440366972477
540,2020-05-08,2020-05-15,0.0412350936967632,0.8476115843270868,0.11113798977853492
541,2020-05-15,2020-05-22,0.03839457202505219,0.8519311064718162,0.10969937369519835
542,2020-05-22,2020-05-29,0.03644306418219462,0.8597453416149068,0.1038136645962733
543,2020-05-29,2020-06-05,0.03522857142857143,0.859847619047619,0.10492857142857141
544,2020-06-05,2020-06-12,0.032941810344827585,0.8465905172413792,0.12044396551724139
545,2020-06-12,2020-06-19,0.03733626373626373,0.8581164835164835,0.10455604395604395
546,2020-06-19,2020-06-26,0.03661463414634147,0.8712243902439024,0.0921609756097561
547,2020-06-26,2020-07-03,0.03176133651551313,0.8596610978520286,0.10855369928400956
548,2020-07-03,2020-07-10,0.039271825396825395,0.853125,0.10760515873015873
549,2020-07-10,2020-07-17,0.04026883910386966,0.8465274949083502,0.11318737270875764
550,2020-07-17,2020-07-24,0.037146919431279624,0.8534502369668246,0.1094004739336493
551,2020-07-24,2020-07-31,0.03900909090909091,0.8501022727272727,0.11089772727272727
552,2020-07-31,2020-08-07,0.03158021978021978,0.8623362637362637,0.1061142857142857
553,2020-08-07,2020-08-14,0.035235164835164846,0.8617604395604396,0.1030065934065934
554,2020-08-14,2020-08-21,0.03451102204408818,0.8586432865731463,0.10683767535070139
555,2020-08-21,2020-08-28,0.03852926208651399,0.8474325699745547,0.114058524173028
556,2020-08-28,2020-09-04,0.030878048780487805,0.8604195121951219,0.10869268292682926
557,2020-09-04,2020-09-11,0.03145967741935484,0.8624778225806451,0.10607459677419355
558,2020-09-11,2020-09-18,0.034641723356009076,0.8525555555555555,0.11280045351473922
559,2020-09-18,2020-09-25,0.025,0.8560681818181818,0.11891414141414142
560,2020-09-25,2020-10-02,0.03246189376443418,0.8560762124711316,0.11144572748267899
561,2020-10-02,2020-10-09,0.03477237851662404,0.8544859335038364,0.11075703324808184
562,2020-10-09,2020-10-16,0.03500612244897959,0.856634693877551,0.10836326530612245
563,2020-10-16,2020-10-23,0.033393181818181815,0.8622363636363637,0.10434772727272729
564,2020-10-23,2020-10-30,0.030864016736401677,0.8546652719665273,0.11448326359832636
565,2020-10-30,2020-11-06,0.0250939226519337,0.8719447513812155,0.10294475138121546
566,2020-11-06,2020-11-13,0.03477062374245472,0.8591790744466801,0.1060281690140845
567,2020-11-13,2020-11-20,0.032344129554655876,0.8660141700404859,0.10162145748987853
568,2020-11-20,2020-11-27,0.039351923076923076,0.8520153846153846,0.10864423076923077
569,2020-11-27,2020-12-04,0.03516256157635468,0.8623793103448275,0.1024088669950739
570,2020-12-04,2020-12-11,0.03274663677130045,0.857127802690583,0.11012780269058295
571,2020-12-11,2020-12-18,0.032883040935672514,0.8544249512670565,0.11269005847953216
572,2020-12-18,2020-12-25,0.03440641711229946,0.8643235294117648,0.10127272727272726
573,2020-12-25,2021-01-01,0.0319607390300231,0.8582771362586605,0.10974595842956121
574,2021-01-01,2021-01-08,0.026798370672097758,0.8646578411405295,0.1085376782077393
575,2021-01-08,2021-01-15,0.03349717514124294,0.8634444444444443,0.10305461393596986
576,2021-01-15,2021-01-22,0.029597302504816958,0.8561156069364162,0.11427745664739884
577,2021-01-22,2021-01-29,0.03148787878787879,0.8645242424242424,0.1039878787878788
578,2021-01-29,2021-02-05,0.0336340579710145,0.8420205314009661,0.12414251207729468
579,2021-02-05,2021-02-12,0.025607287449392717,0.8393299595141701,0.13487246963562755
580,2021-02-12,2021-02-19,0.0321079460269865,0.848856071964018,0.11900749625187404
581,2021-02-19,2021-02-26,0.028269058295964124,0.8586562032884903,0.11305979073243648
582,2021-02-26,2021-03-05,0.028958677685950413,0.8401707988980716,0.1308650137741047
583,2021-03-05,2021-03-12,0.03569320843091335,0.8316744730679156,0.13279156908665105
584,2021-03-12,2021-03-19,0.02832186234817814,0.8577935222672065,0.11401214574898785
585,2021-03-19,2021-03-26,0.0,0.0,0.0
586,2021-03-26,2021-04-02,0.03474040632054176,0.8534446952595938,0.1119525959367946
587,2021-04-02,2021-04-09,0.03523982558139535,0.8489898255813954,0.11594186046511629
588,2021-04-09,2021-04-16,0.023346715328467153,0.8579051094890512,0.11893430656934306
589,2021-04-16,2021-04-23,0.03279910044977512,0.8391559220389805,0.12823388305847078
590,2021-04-23,2021-04-30,0.03262516556291391,0.8485033112582783,0.11906754966887417
591,2021-04-30,2021-05-07,0.03411326860841424,0.8456245954692557,0.12043851132686084
592,2021-05-07,2021-05-14,0.031802744425385936,0.8561715265866208,0.11219554030874786
593,2021-05-14,2021-05-21,0.03549432739059968,0.8517893030794165,0.11286871961102107
594,2021-05-21,2021-05-28,0.04280256821829855,0.8445537720706259,0.11280096308186197
595,2021-05-28,2021-06-04,0.03205023547880691,0.8548712715855573,0.11327315541601256
596,2021-06-04,2021-06-11,0.03768730158730158,0.8486507936507937,0.11373968253968254
597,2021-06-11,2021-06-18,0.030692967409948545,0.8562641509433963,0.11304116638078901
598,2021-06-18,2021-06-25,0.03599108469539376,0.8406077265973255,0.12340564635958394
599,2021-06-25,2021-07-01,0.041073500967117996,0.8401083172147003,0.11880077369439072
