Date,Adj. Close
2021-07-08,136.85
2021-07-07,138.74
2021-07-06,136.59
2021-07-02,135.24
2021-07-01,134.42
2021-06-30,131.83
2021-06-29,133.31
2021-06-28,133.61
2021-06-25,133.28
2021-06-24,131.39
2021-06-23,131.68
2021-06-22,131.53
2021-06-21,131.72
2021-06-18,128.14
2021-06-17,128.07
2021-06-16,125.7
2021-06-15,125.57
2021-06-14,125.68
2021-06-11,124.84
2021-06-10,123.93
2021-06-09,122.53
2021-06-08,124.37
2021-06-07,124.34
2021-06-04,125.03
2021-06-03,123.62
2021-06-02,124.44
2021-06-01,125.8
2021-05-28,129.01
2021-05-27,128.49
2021-05-26,127.91
2021-05-25,127.83
2021-05-24,128.14
2021-05-21,127.02
2021-05-20,124.09
2021-05-19,120.99
2021-05-18,121.17
2021-05-17,122.95
2021-05-14,124.13
2021-05-13,120.49
2021-05-12,118.1
2021-05-11,121.04
2021-05-10,123.11
2021-05-07,124.56
2021-05-06,122.54
2021-05-05,122.61
2021-05-04,123.51
2021-05-03,124.5
2021-04-30,124.51
2021-04-29,125.67
2021-04-28,123.28
2021-04-27,123.97
2021-04-26,123.45
2021-04-23,124.68
2021-04-22,122.89
2021-04-21,122.55
2021-04-20,121.29
2021-04-19,121.76
2021-04-16,123.48
2021-04-15,121.68
2021-04-14,118.97
2021-04-13,117.53
2021-04-12,118.31
2021-04-09,118.03
2021-04-08,114.94
2021-04-07,113.42
2021-04-06,112.85
2021-04-05,113.75
2021-04-01,112.61
2021-03-31,108.61
2021-03-30,106.25
2021-03-29,106.12
2021-03-26,107.43
2021-03-25,105.51
2021-03-24,105.9
2021-03-23,107.39
2021-03-22,109.79
2021-03-19,106.595
2021-03-18,109.01
2021-03-17,110.53
2021-03-16,109.03
2021-03-15,110.84
2021-03-12,109.95
2021-03-11,110.32
2021-03-10,108.67
2021-03-09,106.31
2021-03-08,103.99
2021-03-05,106.39
2021-03-04,104.11
2021-03-03,107.01
2021-03-02,109.57
2021-03-01,109.82
2021-02-26,109.16
2021-02-25,106.92
2021-02-24,110.56
2021-02-23,111.21
2021-02-22,112.53
2021-02-19,117.07
2021-02-18,118.77
2021-02-17,117.99
2021-02-16,118.14
2021-02-12,119.425
2021-02-11,115.97
2021-02-10,118.05
2021-02-09,121.08
2021-02-08,120.78
2021-02-05,119.39
2021-02-04,114.33
2021-02-03,112.1
2021-02-02,113.96
2021-02-01,110.86
2021-01-29,109.75
2021-01-28,109.92
2021-01-27,108.25
2021-01-26,110.27
2021-01-25,112.9
2021-01-22,114.59
2021-01-21,115.7
2021-01-20,116.39
2021-01-19,116.09
2021-01-15,115.78
2021-01-14,117.26
2021-01-13,119.1
2021-01-12,121.83
2021-01-11,120.87
2021-01-08,122.18
2021-01-07,120.87
2021-01-06,117.8
2021-01-05,120.13
2021-01-04,120.65
2020-12-31,127.25
2020-12-30,126.54
2020-12-29,125.92
2020-12-28,126.72
2020-12-24,123.71
2020-12-23,123.35
2020-12-22,123.04
2020-12-21,122.18
2020-12-18,122.36
2020-12-17,121.68
2020-12-16,120.92
2020-12-15,121.36
2020-12-14,118.29
2020-12-11,116.98
2020-12-10,114.75
2020-12-09,114.08
2020-12-08,115.56
2020-12-07,114.61
2020-12-04,112.09
2020-12-03,115.0
2020-12-02,113.3
2020-12-01,115.25
2020-11-30,115.45
2020-11-27,115.21
2020-11-25,114.76
2020-11-24,113.2
2020-11-23,113.15
2020-11-20,114.47
2020-11-19,113.83
2020-11-18,115.97
2020-11-17,116.19
2020-11-16,116.05
2020-11-13,117.71
2020-11-12,117.33
2020-11-11,117.8
2020-11-10,116.99
2020-11-09,121.33
2020-11-06,123.72
2020-11-05,123.95
2020-11-04,121.34
2020-11-03,116.38
2020-11-02,113.4
2020-10-30,110.36
2020-10-29,111.28
2020-10-28,108.47
2020-10-27,112.1
2020-10-26,111.98
2020-10-23,114.29
2020-10-22,114.09
2020-10-21,114.6
2020-10-20,114.98
2020-10-19,115.26
2020-10-16,117.18
2020-10-15,117.64
2020-10-14,115.8
2020-10-13,116.37
2020-10-12,117.09
2020-10-09,115.21
2020-10-08,114.0
2020-10-07,111.32
2020-10-06,109.68
2020-10-05,109.69
2020-10-02,107.34
2020-10-01,107.22
2020-09-30,105.16
2020-09-29,105.74
2020-09-28,106.16
2020-09-25,104.26
2020-09-24,102.01
2020-09-23,102.32
2020-09-22,105.06
2020-09-21,102.63
2020-09-18,103.66
2020-09-17,102.25
2020-09-16,105.25
2020-09-15,105.08
2020-09-14,103.855
2020-09-11,102.01
2020-09-10,101.95
2020-09-09,103.04
2020-09-08,101.57
2020-09-04,103.49
2020-09-03,102.94
2020-09-02,104.8
2020-09-01,104.02
2020-08-31,103.32
2020-08-28,104.08
2020-08-27,103.08
2020-08-26,102.43
2020-08-25,101.88
2020-08-24,100.83
2020-08-21,100.69
2020-08-20,100.39
2020-08-19,100.51
2020-08-18,101.0
2020-08-17,101.16
2020-08-14,100.01
2020-08-13,100.01
2020-08-12,99.98
2020-08-11,99.94
2020-08-10,98.86
2020-08-07,99.24
2020-08-06,98.82
2020-08-05,97.57
2020-08-04,96.84
2020-08-03,93.29
2020-07-31,93.25
2020-07-30,92.73
2020-07-29,92.72
2020-07-28,89.64
2020-07-27,91.25
2020-07-24,89.52
2020-07-23,90.24
2020-07-22,89.56
2020-07-21,87.93
2020-07-20,87.39
2020-07-17,87.24
2020-07-16,86.53
2020-07-15,86.58
2020-07-14,83.55
2020-07-13,81.5
2020-07-10,83.05
2020-07-09,83.38
2020-07-08,85.2
2020-07-07,85.12
2020-07-06,84.92
2020-07-02,83.86
2020-07-01,84.59
2020-06-30,83.27
2020-06-29,81.94
2020-06-26,79.62
2020-06-25,81.5
2020-06-24,81.31
2020-06-23,84.53
2020-06-22,84.66
2020-06-19,84.41
2020-06-18,86.43
2020-06-17,87.35
2020-06-16,88.29
2020-06-15,86.49
2020-06-12,85.04
2020-06-11,84.6
2020-06-10,89.4
2020-06-09,89.1
2020-06-08,90.24
2020-06-05,91.82
2020-06-04,89.74
2020-06-03,89.97
2020-06-02,88.14
2020-06-01,89.68
2020-05-29,89.39
2020-05-28,89.12
2020-05-27,88.45
2020-05-26,88.28
2020-05-22,86.25
2020-05-21,86.4
2020-05-20,86.69
2020-05-19,83.93
2020-05-18,83.98
2020-05-15,79.54
2020-05-14,80.32
2020-05-13,79.71
2020-05-12,82.515
2020-05-11,82.8
2020-05-08,83.79
2020-05-07,81.55
2020-05-06,80.13
2020-05-05,79.62
2020-05-04,78.0
2020-05-01,78.55
2020-04-30,80.11
2020-04-29,83.01
2020-04-28,80.65
2020-04-27,76.07
2020-04-24,73.83
2020-04-23,68.84
2020-04-22,68.08
2020-04-21,66.145
2020-04-20,68.63
2020-04-17,72.1
2020-04-16,69.15
2020-04-15,70.09
2020-04-14,71.14
2020-04-13,70.67
2020-04-09,74.99
2020-04-08,71.98
2020-04-07,69.9
2020-04-06,65.39
2020-04-03,61.8
2020-04-02,64.41
2020-04-01,64.79
2020-03-31,68.52
2020-03-30,71.84
2020-03-27,70.3
2020-03-26,72.56
2020-03-25,71.59
2020-03-24,68.98
2020-03-23,58.78
2020-03-20,60.15
2020-03-19,69.99
2020-03-18,67.19
2020-03-17,69.53
2020-03-16,66.57
2020-03-13,73.84
2020-03-12,68.85
2020-03-11,75.73
2020-03-10,79.04
2020-03-09,75.91
2020-03-06,80.19
2020-03-05,83.52
2020-03-04,86.99
2020-03-03,83.76
2020-03-02,86.69
2020-02-28,84.48
2020-02-27,84.59
2020-02-26,88.36
2020-02-25,88.94
2020-02-24,92.77
2020-02-21,95.25
2020-02-20,97.3
2020-02-19,104.5
2020-02-18,102.42
2020-02-14,103.25
2020-02-13,103.35
2020-02-12,102.49
2020-02-11,102.31
2020-02-10,102.53
2020-02-07,102.58
2020-02-06,102.95
2020-02-05,102.16
2020-02-04,102.65
2020-02-03,100.8
2020-01-31,101.46
2020-01-30,102.35
2020-01-29,100.72
2020-01-28,100.71
2020-01-27,99.5
2020-01-24,100.29
2020-01-23,99.9
2020-01-22,99.64
2020-01-21,98.6
2020-01-17,97.12
2020-01-16,97.21
2020-01-15,96.67
2020-01-14,96.34
2020-01-13,96.26
2020-01-10,95.31
2020-01-09,95.29
2020-01-08,94.01
2020-01-07,93.37
2020-01-06,93.49
2020-01-03,92.66
2020-01-02,93.48
2019-12-31,90.94
2019-12-30,90.86
2019-12-27,90.82
2019-12-26,91.02
2019-12-24,90.91
2019-12-23,89.87
2019-12-20,90.72
2019-12-19,89.4
2019-12-18,89.9
2019-12-17,90.38
2019-12-16,90.19
2019-12-13,88.62
2019-12-12,88.48
2019-12-11,88.29
2019-12-10,88.375
2019-12-09,88.2
2019-12-06,88.58
2019-12-05,88.24
2019-12-04,87.05
2019-12-03,87.28
2019-12-02,87.96
2019-11-29,89.0
2019-11-27,90.23
2019-11-26,90.8
2019-11-25,89.94
2019-11-22,89.26
2019-11-21,87.85
2019-11-20,84.92
2019-11-19,86.38
2019-11-18,86.0
2019-11-15,85.99
2019-11-14,85.82
2019-11-13,83.6
2019-11-12,82.3
2019-11-11,82.97
2019-11-08,81.46
2019-11-07,81.62
2019-11-06,81.86
2019-11-05,82.25
2019-11-04,82.14
2019-11-01,82.91
2019-10-31,82.64
2019-10-30,84.0
2019-10-29,84.68
2019-10-28,83.98
2019-10-25,83.94
2019-10-24,84.63
2019-10-23,83.04
2019-10-22,83.13
2019-10-21,83.62
2019-10-18,82.32
2019-10-17,81.02
2019-10-16,81.38
2019-10-15,81.74
2019-10-14,81.68
2019-10-11,81.37
2019-10-10,81.055
2019-10-09,80.48
2019-10-08,80.15
2019-10-07,79.76
2019-10-04,79.99
2019-10-03,79.22
2019-10-02,77.43
2019-10-01,79.53
2019-09-30,80.33
2019-09-27,79.71
2019-09-26,80.91
2019-09-25,81.04
2019-09-24,81.69
2019-09-23,81.795
2019-09-20,82.58
2019-09-19,82.23
2019-09-18,82.57
2019-09-17,83.44
2019-09-16,82.18
2019-09-13,81.81
2019-09-12,80.88
2019-09-11,80.75
2019-09-10,80.96
2019-09-09,82.29
2019-09-06,81.38
2019-09-05,80.61
2019-09-04,75.66
2019-09-03,74.76
2019-08-30,75.39
2019-08-29,75.74
2019-08-28,75.01
2019-08-27,74.63
2019-08-26,73.78
2019-08-23,73.68
2019-08-22,76.24
2019-08-21,76.87
2019-08-20,75.79
2019-08-19,76.18
2019-08-16,75.5
2019-08-15,74.55
2019-08-14,74.31
2019-08-13,76.29
2019-08-12,75.29
2019-08-09,75.62
2019-08-08,75.64
2019-08-07,75.05
2019-08-06,74.6
2019-08-05,73.4
2019-08-02,76.14
2019-08-01,76.74
2019-07-31,77.53
2019-07-30,77.82
2019-07-29,78.3
2019-07-26,79.43
2019-07-25,79.14
2019-07-24,79.37
2019-07-23,79.23
2019-07-22,78.24
2019-07-19,77.51
2019-07-18,77.81
2019-07-17,77.04
2019-07-16,77.47
2019-07-15,77.5
2019-07-12,77.33
2019-07-11,76.79
2019-07-10,75.78
2019-07-09,75.26
2019-07-08,74.14
2019-07-05,74.6
2019-07-03,74.97
2019-07-02,74.8
2019-07-01,74.97
2019-06-28,74.74
2019-06-27,73.36
2019-06-26,73.39
2019-06-25,73.38
2019-06-24,73.77
2019-06-21,73.94
2019-06-20,74.75
2019-06-19,74.07
2019-06-18,73.37
2019-06-17,73.22
2019-06-14,73.81
2019-06-13,74.77
2019-06-12,74.79
2019-06-11,73.69
2019-06-10,74.84
2019-06-07,74.65
2019-06-06,73.74
2019-06-05,73.07
2019-06-04,72.37
2019-06-03,71.3
2019-05-31,71.48
2019-05-30,71.55
2019-05-29,70.49
2019-05-28,71.7
2019-05-24,70.99
2019-05-23,69.94
2019-05-22,64.79
2019-05-21,65.94
2019-05-20,65.36
2019-05-17,65.6
2019-05-16,67.07
2019-05-15,66.31
2019-05-14,65.8
2019-05-13,65.23
2019-05-10,66.87
2019-05-09,66.35
2019-05-08,66.22
2019-05-07,66.0
2019-05-06,67.02
2019-05-03,67.11
2019-05-02,66.74
2019-05-01,66.01
2019-04-30,67.32
2019-04-29,67.08
2019-04-26,66.86
2019-04-25,65.76
2019-04-24,66.53
2019-04-23,65.86
2019-04-22,64.99
2019-04-18,65.06
2019-04-17,64.8
2019-04-16,65.18
2019-04-15,65.21
2019-04-12,65.37
2019-04-11,64.89
2019-04-10,64.27
2019-04-09,64.24
2019-04-08,64.64
2019-04-05,63.95
2019-04-04,62.99
2019-04-03,63.73
2019-04-02,63.16
2019-04-01,62.18
2019-03-29,60.59
2019-03-28,59.87
2019-03-27,59.7
2019-03-26,60.26
2019-03-25,59.53
2019-03-22,59.25
2019-03-21,59.76
2019-03-20,59.15
2019-03-19,58.87
2019-03-18,59.09
2019-03-15,59.03
2019-03-14,59.2
2019-03-13,59.67
2019-03-12,59.16
2019-03-11,58.92
2019-03-08,58.24
2019-03-07,58.27
2019-03-06,57.74
2019-03-05,58.11
2019-03-04,58.08
2019-03-01,58.4
2019-02-28,58.67
2019-02-27,58.48
2019-02-26,58.91
2019-02-25,59.21
2019-02-22,58.29
2019-02-21,56.53
2019-02-20,53.48
2019-02-19,53.32
2019-02-15,54.03
2019-02-14,53.93
2019-02-13,53.41
2019-02-12,53.26
2019-02-11,52.19
2019-02-08,51.73
2019-02-07,51.29
2019-02-06,51.93
2019-02-05,51.84
2019-02-04,51.53
2019-02-01,50.92
2019-01-31,50.63
2019-01-30,50.14
2019-01-29,49.58
2019-01-28,49.84
2019-01-25,50.08
2019-01-24,49.51
2019-01-23,49.27
2019-01-22,49.64
2019-01-18,50.06
2019-01-17,49.74
2019-01-16,49.32
2019-01-15,49.36
2019-01-14,49.92
2019-01-11,50.66
2019-01-10,50.6
2019-01-09,50.3
2019-01-08,49.63
2019-01-07,48.83
2019-01-04,48.56
2019-01-03,46.89
2019-01-02,47.68
2018-12-31,47.78
2018-12-28,47.52
2018-12-27,47.82
2018-12-26,47.43
2018-12-24,44.94
2018-12-21,45.9
2018-12-20,46.86
2018-12-19,47.04
2018-12-18,46.96
2018-12-17,47.19
2018-12-14,48.04
2018-12-13,49.38
2018-12-12,49.26
2018-12-11,48.56
2018-12-10,48.34
2018-12-07,47.28
2018-12-06,49.04
2018-12-04,49.28
2018-12-03,50.74
2018-11-30,51.18
2018-11-29,51.71
2018-11-28,51.74
2018-11-27,49.99
2018-11-26,50.19
2018-11-23,48.73
2018-11-21,50.09
2018-11-20,47.3
2018-11-19,48.54
2018-11-16,51.01
2018-11-15,50.8
2018-11-14,49.82
2018-11-13,48.82
2018-11-12,49.27
2018-11-09,50.27
2018-11-08,50.44
2018-11-07,50.8
2018-11-06,50.03
2018-11-05,50.36
2018-11-02,50.29
2018-11-01,50.16
2018-10-31,48.91
2018-10-30,48.5
2018-10-29,47.04
2018-10-26,47.26
2018-10-25,48.41
2018-10-24,46.33
2018-10-23,49.85
2018-10-22,50.48
2018-10-19,49.28
2018-10-18,49.76
2018-10-17,50.99
2018-10-16,51.08
2018-10-15,50.22
2018-10-12,50.38
2018-10-11,49.05
2018-10-10,49.96
2018-10-09,51.46
2018-10-08,51.26
2018-10-05,51.89
2018-10-04,51.74
2018-10-03,52.76
2018-10-02,51.23
2018-10-01,52.63
2018-09-28,51.53
2018-09-27,51.12
2018-09-26,51.65
2018-09-25,51.52
2018-09-24,51.42
2018-09-21,52.58
2018-09-20,56.13
2018-09-19,55.58
2018-09-18,64.17
2018-09-17,63.73
2018-09-14,64.83
2018-09-13,66.03
2018-09-12,66.24
2018-09-11,66.45
2018-09-10,65.91
2018-09-07,65.53
2018-09-06,65.1
2018-09-05,64.68
2018-09-04,64.9
2018-08-31,64.31
2018-08-30,64.39
2018-08-29,64.12
2018-08-28,64.07
2018-08-27,63.79
2018-08-24,62.73
2018-08-23,62.99
2018-08-22,63.0
2018-08-21,62.47
2018-08-20,61.67
2018-08-17,60.98
2018-08-16,60.82
2018-08-15,60.06
2018-08-14,59.51
2018-08-13,59.3
2018-08-10,60.23
2018-08-09,60.0
2018-08-08,59.37
2018-08-07,59.16
2018-08-06,58.51
2018-08-03,57.43
2018-08-02,57.8
2018-08-01,57.57
2018-07-31,57.39
2018-07-30,56.21
2018-07-27,56.94
2018-07-26,58.12
2018-07-25,58.33
2018-07-24,57.37
2018-07-23,58.26
2018-07-20,58.98
2018-07-19,59.13
2018-07-18,59.32
2018-07-17,59.16
2018-07-16,58.43
2018-07-13,59.31
2018-07-12,58.88
2018-07-11,58.32
2018-07-10,58.71
2018-07-09,58.75
2018-07-06,58.01
2018-07-05,57.16
2018-07-03,57.34
2018-07-02,56.84
2018-06-29,56.56
2018-06-28,56.01
2018-06-27,55.17
2018-06-26,56.28
2018-06-25,58.3
2018-06-22,59.91
2018-06-21,59.57
2018-06-20,60.2
2018-06-19,59.43
2018-06-18,58.82
2018-06-15,58.22
2018-06-14,58.08
2018-06-13,57.7
2018-06-12,57.61
2018-06-11,57.57
2018-06-08,57.63
2018-06-07,57.07
2018-06-06,57.15
2018-06-05,57.29
2018-06-04,56.11
2018-06-01,55.57
2018-05-31,54.83
2018-05-30,56.16
2018-05-29,55.42
2018-05-25,54.25
2018-05-24,52.71
2018-05-23,52.96
2018-05-22,53.0
2018-05-21,53.97
2018-05-18,54.07
2018-05-17,56.29
2018-05-16,56.12
2018-05-15,55.39
2018-05-14,55.61
2018-05-11,55.26
2018-05-10,54.26
2018-05-09,53.8
2018-05-08,53.2
2018-05-07,52.44
2018-05-04,52.82
2018-05-03,52.28
2018-05-02,51.8
2018-05-01,51.66
2018-04-30,51.08
2018-04-27,51.63
2018-04-26,51.42
2018-04-25,51.34
2018-04-24,51.17
2018-04-23,51.94
2018-04-20,51.5
2018-04-19,51.86
2018-04-18,51.83
2018-04-17,51.3
2018-04-16,50.33
2018-04-13,50.39
2018-04-12,50.84
2018-04-11,50.42
2018-04-10,50.6
2018-04-09,49.89
2018-04-06,49.66
2018-04-05,50.75
2018-04-04,50.66
2018-04-03,50.32
2018-04-02,49.8
2018-03-29,50.93
2018-03-28,49.83
2018-03-27,49.99
2018-03-26,50.93
2018-03-23,49.73
2018-03-22,49.87
2018-03-21,51.25
2018-03-20,51.26
2018-03-19,50.45
2018-03-16,51.04
2018-03-15,50.3
2018-03-14,50.71
2018-03-13,50.78
2018-03-12,51.11
2018-03-09,50.11
2018-03-08,49.1
2018-03-07,49.53
2018-03-06,49.04
2018-03-05,47.5
2018-03-02,46.16
2018-03-01,45.95
2018-02-28,46.81
2018-02-27,47.67
2018-02-26,46.92
2018-02-23,46.77
2018-02-22,46.2
2018-02-21,46.11
2018-02-20,46.83
2018-02-16,46.47
2018-02-15,45.74
2018-02-14,44.9
2018-02-13,43.19
2018-02-12,42.83
2018-02-09,41.54
2018-02-08,40.75
2018-02-07,41.74
2018-02-06,41.76
2018-02-05,41.71
2018-02-02,43.44
2018-02-01,43.62
2018-01-31,44.07
2018-01-30,44.4
2018-01-29,44.79
2018-01-26,45.34
2018-01-25,44.98
2018-01-24,44.72
2018-01-23,44.99
2018-01-22,45.42
2018-01-19,45.67
2018-01-18,44.6
2018-01-17,44.33
2018-01-16,44.32
2018-01-12,44.85
2018-01-11,44.5
2018-01-10,43.52
2018-01-09,43.48
2018-01-08,43.55
2018-01-05,43.53
2018-01-04,43.74
2018-01-03,43.39
2018-01-02,43.595
2017-12-29,43.19
2017-12-28,43.2
2017-12-27,43.29
2017-12-26,43.34
2017-12-22,43.35
2017-12-21,43.41
2017-12-20,43.8
2017-12-19,44.04
2017-12-18,44.38
2017-12-15,44.11
2017-12-14,43.8
2017-12-13,43.91
2017-12-12,43.7
2017-12-11,43.9
2017-12-08,43.96
2017-12-07,43.88
2017-12-06,43.39
2017-12-05,43.52
2017-12-04,42.99
2017-12-01,43.01
2017-11-30,43.16
2017-11-29,42.13
2017-11-28,41.79
2017-11-27,41.77
2017-11-24,42.46
2017-11-22,41.01
2017-11-21,36.7
2017-11-20,36.31
2017-11-17,35.55
2017-11-16,35.94
2017-11-15,35.95
2017-11-14,35.88
2017-11-13,35.88
2017-11-10,35.85
2017-11-09,35.62
2017-11-08,35.9
2017-11-07,35.75
2017-11-06,36.22
2017-11-03,36.41
2017-11-02,36.5
2017-11-01,35.84
2017-10-31,36.29
2017-10-30,36.04
2017-10-27,35.88
2017-10-26,35.91
2017-10-25,35.75
2017-10-24,36.16
2017-10-23,36.15
2017-10-20,36.48
2017-10-19,36.41
2017-10-18,36.43
2017-10-17,36.39
2017-10-16,36.27
2017-10-13,36.32
2017-10-12,36.11
2017-10-11,35.84
2017-10-10,35.56
2017-10-09,35.39
2017-10-06,35.24
2017-10-05,35.18
2017-10-04,34.78
2017-10-03,34.65
2017-10-02,34.55
2017-09-29,34.37
2017-09-28,34.29
2017-09-27,34.61
2017-09-26,34.24
2017-09-25,34.03
2017-09-22,33.74
2017-09-21,33.8
2017-09-20,33.86
2017-09-19,32.54
2017-09-18,32.86
2017-09-15,32.52
2017-09-14,32.46
2017-09-13,32.8
2017-09-12,32.37
2017-09-11,32.6
2017-09-08,32.35
2017-09-07,32.13
2017-09-06,32.4
2017-09-05,32.49
2017-09-01,32.64
2017-08-31,32.69
2017-08-30,31.88
2017-08-29,31.45
2017-08-28,31.39
2017-08-25,31.71
2017-08-24,31.78
2017-08-23,31.79
2017-08-22,32.13
2017-08-21,31.9
2017-08-18,31.88
2017-08-17,32.01
2017-08-16,32.23
2017-08-15,32.08
2017-08-14,31.81
2017-08-11,31.07
2017-08-10,31.17
2017-08-09,31.45
2017-08-08,30.7
2017-08-07,31.08
2017-08-04,31.3
2017-08-03,31.01
2017-08-02,31.24
2017-08-01,31.65
2017-07-31,31.49
2017-07-28,31.95
2017-07-27,31.88
2017-07-26,31.72
2017-07-25,31.89
2017-07-24,31.81
2017-07-21,31.55
2017-07-20,31.51
2017-07-19,31.41
2017-07-18,31.11
2017-07-17,31.12
2017-07-14,31.09
2017-07-13,31.19
2017-07-12,31.2
2017-07-11,31.09
2017-07-10,30.83
2017-07-07,30.97
2017-07-06,30.43
2017-07-05,31.63
2017-07-03,31.81
2017-06-30,31.79
2017-06-29,31.41
2017-06-28,31.51
2017-06-27,31.28
2017-06-26,31.45
2017-06-23,31.54
2017-06-22,31.27
2017-06-21,30.99
2017-06-20,31.18
2017-06-19,31.58
2017-06-16,31.24
2017-06-15,31.45
2017-06-14,31.5
2017-06-13,31.57
2017-06-12,31.44
2017-06-09,31.35
2017-06-08,31.07
2017-06-07,31.16
2017-06-06,30.98
2017-06-05,31.29
2017-06-02,31.72
2017-06-01,31.79
2017-05-31,31.19
2017-05-30,30.89
2017-05-26,31.05
2017-05-25,31.41
2017-05-24,29.98
2017-05-23,30.02
2017-05-22,29.7
2017-05-19,29.31
2017-05-18,29.34
2017-05-17,29.18
2017-05-16,29.97
2017-05-15,29.98
2017-05-12,29.89
2017-05-11,29.92
2017-05-10,30.17
2017-05-09,30.41
2017-05-08,30.5
2017-05-05,30.65
2017-05-04,30.52
2017-05-03,30.27
2017-05-02,30.65
2017-05-01,30.64
2017-04-28,30.9
2017-04-27,31.18
2017-04-26,30.99
2017-04-25,30.86
2017-04-24,30.68
2017-04-21,30.24
2017-04-20,30.23
2017-04-19,29.98
2017-04-18,29.82
2017-04-17,29.92
2017-04-13,29.65
2017-04-12,29.83
2017-04-11,30.12
2017-04-10,30.055
2017-04-07,29.84
2017-04-06,30.005
2017-04-05,29.84
2017-04-04,29.98
2017-04-03,30.4
2017-03-31,30.965
2017-03-30,31.04
2017-03-29,31.15
2017-03-28,31.2
2017-03-27,31.04
2017-03-24,30.66
2017-03-23,30.705
2017-03-22,30.605
2017-03-21,30.38
2017-03-20,30.9
2017-03-17,30.745
2017-03-16,30.635
2017-03-15,30.54
2017-03-14,30.205
2017-03-13,30.295
2017-03-10,30.28
2017-03-09,30.225
2017-03-08,30.285
2017-03-07,30.315
2017-03-06,30.32
2017-03-03,30.245
2017-03-02,30.06
2017-03-01,30.005
2017-02-28,29.57
2017-02-27,29.76
2017-02-24,29.495
2017-02-23,29.7
2017-02-22,29.225
2017-02-21,30.15
2017-02-17,29.505
2017-02-16,29.915
2017-02-15,29.64
2017-02-14,29.3
2017-02-13,29.35
2017-02-10,29.085
2017-02-09,28.91
2017-02-08,28.595
2017-02-07,28.415
2017-02-06,28.26
2017-02-03,28.265
2017-02-02,27.83
2017-02-01,27.98
2017-01-31,28.37
2017-01-30,28.465
2017-01-27,28.51
2017-01-26,28.535
2017-01-25,28.805
2017-01-24,28.69
2017-01-23,28.19
2017-01-20,28.475
2017-01-19,28.26
2017-01-18,28.33
2017-01-17,28.275
2017-01-13,28.7
2017-01-12,28.42
2017-01-11,28.655
2017-01-10,28.355
2017-01-09,28.265
2017-01-06,28.34
2017-01-05,28.2
2017-01-04,28.23
2017-01-03,27.86
2016-12-30,27.705
2016-12-29,27.765
2016-12-28,27.775
2016-12-27,28.005
2016-12-23,27.775
2016-12-22,27.685
2016-12-21,28.13
2016-12-20,28.275
2016-12-19,27.95
2016-12-16,27.925
2016-12-15,28.065
2016-12-14,28.01
2016-12-13,28.085
2016-12-12,27.885
2016-12-09,27.675
2016-12-08,27.865
2016-12-07,27.965
2016-12-06,27.41
2016-12-05,27.29
2016-12-02,27.195
2016-12-01,27.345
2016-11-30,27.36
2016-11-29,27.27
2016-11-28,27.16
2016-11-25,27.315
2016-11-23,27.255
2016-11-22,26.865
2016-11-21,28.12
2016-11-18,28.03
2016-11-17,28.32
2016-11-16,27.9
2016-11-15,27.585
2016-11-14,27.59
2016-11-11,27.035
2016-11-10,26.63
2016-11-09,26.67
2016-11-08,26.245
2016-11-07,25.935
2016-11-04,25.395
2016-11-03,26.025
2016-11-02,25.905
2016-11-01,25.965
2016-10-31,26.235
2016-10-28,26.27
2016-10-27,25.875
2016-10-26,26.245
2016-10-25,26.485
2016-10-24,26.725
2016-10-21,26.75
2016-10-20,27.02
2016-10-19,27.23
2016-10-18,27.06
2016-10-17,26.975
2016-10-14,26.99
2016-10-13,26.94
2016-10-12,27.065
2016-10-11,26.825
2016-10-10,27.1
2016-10-07,26.735
2016-10-06,26.845
2016-10-05,26.745
2016-10-04,26.71
2016-10-03,26.93
2016-09-30,26.78
2016-09-29,26.51
2016-09-28,26.96
2016-09-27,27.025
2016-09-26,26.825
2016-09-23,27.025
2016-09-22,26.435
2016-09-21,26.75
2016-09-20,25.705
2016-09-19,25.37
2016-09-16,25.03
2016-09-15,25.155
2016-09-14,24.865
2016-09-13,24.875
2016-09-12,25.225
2016-09-09,25.005
2016-09-08,25.305
2016-09-07,25.575
2016-09-06,25.665
2016-09-02,25.84
2016-09-01,25.615
2016-08-31,25.51
2016-08-30,25.57
2016-08-29,25.845
2016-08-26,25.79
2016-08-25,26.095
2016-08-24,26.35
2016-08-23,26.475
2016-08-22,26.4
2016-08-19,26.085
2016-08-18,26.035
2016-08-17,25.595
2016-08-16,25.37
2016-08-15,25.42
2016-08-12,25.31
2016-08-11,25.34
2016-08-10,25.465
2016-08-09,25.21
2016-08-08,25.2
2016-08-05,25.5
2016-08-04,25.115
2016-08-03,25.0
2016-08-02,25.42
2016-08-01,25.655
2016-07-29,25.22
2016-07-28,25.215
2016-07-27,25.65
2016-07-26,25.3
2016-07-25,25.415
2016-07-22,25.1825
2016-07-21,24.875
2016-07-20,24.88
2016-07-19,24.73
2016-07-18,24.78
2016-07-15,24.95
2016-07-14,24.955
2016-07-13,24.78
2016-07-12,25.005
2016-07-11,25.005
2016-07-08,24.925
2016-07-07,24.465
2016-07-06,24.66
2016-07-05,24.7
2016-07-01,24.67
2016-06-30,24.505
2016-06-29,24.045
2016-06-28,23.365
2016-06-27,23.23
2016-06-24,23.82
2016-06-23,24.715
2016-06-22,24.415
2016-06-21,24.49
2016-06-20,24.57
2016-06-17,24.295
2016-06-16,24.42
2016-06-15,24.42
2016-06-14,24.365
2016-06-13,24.44
2016-06-10,24.51
2016-06-09,24.995
2016-06-08,24.85
2016-06-07,24.67
2016-06-06,24.51
2016-06-03,24.405
2016-06-02,24.73
2016-06-01,24.68
2016-05-31,24.755
2016-05-27,24.435
2016-05-26,24.065
2016-05-25,21.96
2016-05-24,22.025
2016-05-23,21.675
2016-05-20,21.715
2016-05-19,21.33
2016-05-18,21.65
2016-05-17,21.575
2016-05-16,21.73
2016-05-13,21.365
2016-05-12,21.625
2016-05-11,21.68
2016-05-10,21.845
2016-05-09,21.6
2016-05-06,21.43
2016-05-05,21.5
2016-05-04,21.345
2016-05-03,21.245
2016-05-02,21.505
2016-04-29,21.42
2016-04-28,21.41
2016-04-27,21.375
2016-04-26,21.2
2016-04-25,21.115
2016-04-22,21.145
2016-04-21,21.08
2016-04-20,21.42
2016-04-19,21.235
2016-04-18,21.095
2016-04-15,21.085
2016-04-14,21.085
2016-04-13,21.055
2016-04-12,20.805
2016-04-11,20.46
2016-04-08,20.27
2016-04-07,20.23
2016-04-06,20.455
2016-04-05,20.26
2016-04-04,20.345
2016-04-01,20.595
2016-03-31,20.385
2016-03-30,20.805
2016-03-29,20.65
2016-03-28,20.21
2016-03-24,20.335
2016-03-23,20.34
2016-03-22,20.56
2016-03-21,20.69
2016-03-18,20.83
2016-03-17,20.37
2016-03-16,20.475
2016-03-15,20.24
2016-03-14,20.25
2016-03-11,20.2
2016-03-10,20.045
2016-03-09,20.07
2016-03-08,19.855
2016-03-07,19.955
2016-03-04,19.82
2016-03-03,19.945
2016-03-02,19.755
2016-03-01,19.695
2016-02-29,18.875
2016-02-26,19.255
2016-02-25,19.045
2016-02-24,18.385
2016-02-23,17.985
2016-02-22,18.105
2016-02-19,17.995
2016-02-18,17.875
2016-02-17,17.965
2016-02-16,17.765
2016-02-12,17.445
2016-02-11,17.15
2016-02-10,17.14
2016-02-09,17.055
2016-02-08,16.765
2016-02-05,16.59
2016-02-04,17.055
2016-02-03,16.67
2016-02-02,16.555
2016-02-01,16.77
2016-01-29,16.755
2016-01-28,16.615
2016-01-27,16.565
2016-01-26,17.085
2016-01-25,16.735
2016-01-22,17.035
2016-01-21,16.505
2016-01-20,16.575
2016-01-19,16.65
2016-01-15,16.855
2016-01-14,17.39
2016-01-13,17.255
2016-01-12,17.585
2016-01-11,17.565
2016-01-08,17.545
2016-01-07,17.83
2016-01-06,18.525
2016-01-05,18.87
2016-01-04,18.835
2015-12-31,19.005
2015-12-30,19.06
2015-12-29,19.41
2015-12-28,19.185
2015-12-24,19.145
2015-12-23,19.45
2015-12-22,19.395
2015-12-21,19.28
2015-12-18,19.055
2015-12-17,19.19
2015-12-16,19.345
2015-12-15,19.355
2015-12-14,19.16
2015-12-11,19.14
2015-12-10,19.43
2015-12-09,19.405
2015-12-08,19.48
2015-12-07,19.495
2015-12-04,19.52
2015-12-03,19.42
2015-12-02,19.625
2015-12-01,19.68
2015-11-30,19.735
2015-11-27,19.835
2015-11-25,19.79
2015-11-24,19.565
2015-11-23,18.6
2015-11-20,18.35
2015-11-19,18.3
2015-11-18,18.2
2015-11-17,17.96
2015-11-16,17.905
2015-11-13,17.84
2015-11-12,17.91
2015-11-11,18.265
2015-11-10,18.455
2015-11-09,18.52
2015-11-06,18.55
2015-11-05,18.535
2015-11-04,18.325
2015-11-03,18.305
2015-11-02,18.365
2015-10-30,18.105
2015-10-29,18.035
2015-10-28,18.0
2015-10-27,17.755
2015-10-26,17.945
2015-10-23,17.855
2015-10-22,17.71
2015-10-21,17.65
2015-10-20,17.64
2015-10-19,17.53
2015-10-16,17.38
2015-10-15,17.375
2015-10-14,17.205
2015-10-13,17.36
2015-10-12,17.47
2015-10-09,17.395
2015-10-08,17.425
2015-10-07,17.42
2015-10-06,17.32
2015-10-05,17.4
2015-10-02,16.99
2015-10-01,16.72
2015-09-30,16.45
2015-09-29,16.695
2015-09-28,16.73
2015-09-25,17.1
2015-09-24,16.915
2015-09-23,17.045
2015-09-22,17.185
2015-09-21,17.545
2015-09-18,17.38
2015-09-17,17.645
2015-09-16,17.66
2015-09-15,17.605
2015-09-14,17.345
2015-09-11,17.52
2015-09-10,17.555
2015-09-09,17.48
2015-09-08,17.675
2015-09-04,17.44
2015-09-03,17.435
2015-09-02,17.51
2015-09-01,16.925
2015-08-31,17.51
2015-08-28,17.495
2015-08-27,17.36
2015-08-26,17.06
2015-08-25,16.785
2015-08-24,16.735
2015-08-21,17.295
2015-08-20,17.66
2015-08-19,18.055
2015-08-18,18.25
2015-08-17,18.37
2015-08-14,18.19
2015-08-13,18.02
2015-08-12,18.01
2015-08-11,18.115
2015-08-10,18.255
2015-08-07,18.085
2015-08-06,17.99
2015-08-05,18.175
2015-08-04,18.09
2015-08-03,18.065
2015-07-31,18.015
2015-07-30,17.935
2015-07-29,18.0
2015-07-28,17.86
2015-07-27,17.625
2015-07-24,17.71
2015-07-23,17.95
2015-07-22,18.04
2015-07-21,17.955
2015-07-20,18.305
2015-07-17,18.31
2015-07-16,18.315
2015-07-15,18.21
2015-07-14,18.065
2015-07-13,17.945
2015-07-10,17.725
2015-07-09,17.635
2015-07-08,17.64
2015-07-07,18.02
2015-07-06,17.885
2015-07-02,17.765
2015-07-01,17.82
2015-06-30,17.74
2015-06-29,17.68
2015-06-26,17.86
2015-06-25,17.835
2015-06-24,17.83
2015-06-23,17.95
2015-06-22,17.935
2015-06-19,17.915
2015-06-18,17.975
2015-06-17,17.84
2015-06-16,18.0
2015-06-15,17.85
2015-06-12,17.885
2015-06-11,17.94
2015-06-10,17.85
2015-06-09,17.8
2015-06-08,17.755
2015-06-05,17.875
2015-06-04,17.78
2015-06-03,17.275
2015-06-02,17.17
2015-06-01,17.1
2015-05-29,17.3
2015-05-28,17.215
2015-05-27,17.785
2015-05-26,17.65
2015-05-22,17.795
2015-05-21,17.745
2015-05-20,17.79
2015-05-19,17.825
2015-05-18,17.835
2015-05-15,17.655
2015-05-14,17.71
2015-05-13,17.515
2015-05-12,17.615
2015-05-11,17.56
2015-05-08,17.565
2015-05-07,17.555
2015-05-06,17.525
2015-05-05,17.58
2015-05-04,17.985
2015-05-01,17.885
2015-04-30,17.785
2015-04-29,18.135
2015-04-28,18.305
2015-04-27,18.325
2015-04-24,18.585
2015-04-23,18.67
2015-04-22,18.595
2015-04-21,18.675
2015-04-20,18.705
2015-04-17,18.5
2015-04-16,18.79
2015-04-15,18.905
2015-04-14,18.8
2015-04-13,18.84
2015-04-10,18.93
2015-04-09,18.935
2015-04-08,19.04
2015-04-07,18.91
2015-04-06,19.06
2015-04-02,18.84
2015-04-01,18.775
2015-03-31,18.785
2015-03-30,18.75
2015-03-27,18.595
2015-03-26,18.375
2015-03-25,18.305
2015-03-24,18.73
2015-03-23,18.765
2015-03-20,18.9
2015-03-19,18.685
2015-03-18,18.675
2015-03-17,18.705
2015-03-16,18.865
2015-03-13,18.64
2015-03-12,18.66
2015-03-11,18.405
2015-03-10,18.34
2015-03-09,18.61
2015-03-06,18.61
2015-03-05,18.635
2015-03-04,18.635
2015-03-03,18.935
2015-03-02,19.045
2015-02-27,18.71
2015-02-26,18.96
2015-02-25,19.18
2015-02-24,18.8
2015-02-23,18.76
2015-02-20,19.0
2015-02-19,18.965
2015-02-18,19.02
2015-02-17,18.985
2015-02-13,19.085
2015-02-12,18.97
2015-02-11,18.915
2015-02-10,18.925
2015-02-09,18.84
2015-02-06,18.835
2015-02-05,18.745
2015-02-04,18.595
2015-02-03,18.9
2015-02-02,18.56
2015-01-30,18.3
2015-01-29,18.46
2015-01-28,18.34
2015-01-27,18.41
2015-01-26,18.61
2015-01-23,18.45
2015-01-22,18.27
2015-01-21,17.83
2015-01-20,17.5
2015-01-16,17.505
2015-01-15,17.505
2015-01-14,17.665
2015-01-13,17.76
2015-01-12,17.815
2015-01-09,18.06
2015-01-08,18.145
2015-01-07,17.96
2015-01-06,17.905
2015-01-05,18.11
2015-01-02,18.29
2014-12-31,18.245
2014-12-30,18.45
2014-12-29,18.485
2014-12-26,18.35
2014-12-24,18.425
2014-12-23,18.395
2014-12-22,18.33
2014-12-19,18.37
2014-12-18,18.365
2014-12-17,18.23
2014-12-16,17.9625
2014-12-15,18.045
2014-12-12,18.23
2014-12-11,18.38
2014-12-10,18.485
2014-12-09,18.815
2014-12-08,18.8
2014-12-05,18.88
2014-12-04,18.6
2014-12-03,18.225
2014-12-02,18.12
2014-12-01,18.155
2014-11-28,18.17
2014-11-26,18.23
2014-11-25,18.13
2014-11-24,17.275
2014-11-21,17.175
2014-11-20,17.125
2014-11-19,17.055
2014-11-18,17.145
2014-11-17,17.055
2014-11-14,17.09
2014-11-13,17.095
2014-11-12,17.155
2014-11-11,17.195
2014-11-10,17.02
2014-11-07,17.09
2014-11-06,17.005
2014-11-05,16.78
2014-11-04,16.625
2014-11-03,16.7
2014-10-31,16.72
2014-10-30,16.745
2014-10-29,16.495
2014-10-28,16.58
2014-10-27,16.185
2014-10-24,16.415
2014-10-23,16.44
2014-10-22,16.13
2014-10-21,16.07
2014-10-20,15.84
2014-10-17,15.575
2014-10-16,15.545
2014-10-15,15.3
2014-10-14,15.36
2014-10-13,15.125
2014-10-10,15.595
2014-10-09,15.575
2014-10-08,15.74
2014-10-07,15.545
2014-10-06,15.815
2014-10-03,15.825
2014-10-02,15.725
2014-10-01,15.59
2014-09-30,15.6575
2014-09-29,15.7525
2014-09-26,15.625
2014-09-25,15.635
2014-09-24,15.745
2014-09-23,16.475
2014-09-22,16.725
2014-09-19,16.86
2014-09-18,17.07
2014-09-17,17.125
2014-09-16,16.94
2014-09-15,16.88
2014-09-12,16.73
2014-09-11,16.91
2014-09-10,16.925
2014-09-09,16.775
2014-09-08,16.765
2014-09-05,16.9025
2014-09-04,16.855
2014-09-03,17.0
2014-09-02,17.29
2014-08-29,17.215
2014-08-28,17.2075
2014-08-27,17.14
2014-08-26,17.16
2014-08-25,17.26
2014-08-22,17.1075
2014-08-21,17.175
2014-08-20,17.13
2014-08-19,17.085
2014-08-18,17.05
2014-08-15,16.835
2014-08-14,16.75
2014-08-13,16.77
2014-08-12,16.75
2014-08-11,16.84
2014-08-08,16.805
2014-08-07,16.705
2014-08-06,16.815
2014-08-05,16.835
2014-08-04,16.735
2014-08-01,16.745
2014-07-31,16.69
2014-07-30,16.92
2014-07-29,17.035
2014-07-28,17.345
2014-07-25,17.355
2014-07-24,17.565
2014-07-23,17.5
2014-07-22,17.41
2014-07-21,17.4
2014-07-18,17.54
2014-07-17,17.315
2014-07-16,17.515
2014-07-15,17.74
2014-07-14,17.835
2014-07-11,17.71
2014-07-10,17.745
2014-07-09,18.045
2014-07-08,17.985
2014-07-07,17.925
2014-07-03,18.03
2014-07-02,17.945
2014-07-01,18.13
2014-06-30,17.98
2014-06-27,17.675
2014-06-26,17.6
2014-06-25,17.615
2014-06-24,17.52
2014-06-23,17.48
2014-06-20,17.54
2014-06-19,17.905
2014-06-18,18.03
2014-06-17,18.005
2014-06-16,17.815
2014-06-13,17.76
2014-06-12,17.775
2014-06-11,17.88
2014-06-10,18.08
2014-06-09,18.195
2014-06-06,18.165
2014-06-05,18.17
2014-06-04,17.855
2014-06-03,17.645
2014-06-02,17.825
2014-05-30,17.785
2014-05-29,17.59
2014-05-28,18.145
2014-05-27,18.47
2014-05-23,18.24
2014-05-22,18.18
2014-05-21,18.07
2014-05-20,17.97
2014-05-19,18.26
2014-05-16,17.955
2014-05-15,17.87
2014-05-14,17.965
2014-05-13,18.305
2014-05-12,18.415
2014-05-09,18.16
2014-05-08,18.055
2014-05-07,18.095
2014-05-06,18.1
2014-05-05,18.37
2014-05-02,18.385
2014-05-01,18.165
2014-04-30,18.135
2014-04-29,17.95
2014-04-28,17.905
2014-04-25,17.805
2014-04-24,17.931
2014-04-23,17.945
2014-04-22,18.22
2014-04-21,18.205
2014-04-17,18.245
2014-04-16,18.04
2014-04-15,17.75
2014-04-14,17.72
2014-04-11,17.74
2014-04-10,18.38
2014-04-09,18.58
2014-04-08,18.435
2014-04-07,18.125
2014-04-04,18.435
2014-04-03,18.52
2014-04-02,18.445
2014-04-01,18.275
2014-03-31,18.195
2014-03-28,17.96
2014-03-27,17.715
2014-03-26,17.72
2014-03-25,18.155
2014-03-24,18.055
2014-03-21,18.335
2014-03-20,18.09
2014-03-19,18.1
2014-03-18,18.12
2014-03-17,17.95
2014-03-14,17.8
2014-03-13,17.81
2014-03-12,18.17
2014-03-11,18.185
2014-03-10,18.42
2014-03-07,18.41
2014-03-06,18.41
2014-03-05,18.39
2014-03-04,18.315
2014-03-03,18.08
2014-02-28,18.215
2014-02-27,18.18
2014-02-26,17.745
2014-02-25,17.605
2014-02-24,17.68
2014-02-21,17.34
2014-02-20,17.165
2014-02-19,17.135
2014-02-18,16.905
2014-02-14,17.14
2014-02-13,17.39
2014-02-12,17.365
2014-02-11,17.29
2014-02-10,16.97
2014-02-07,16.955
2014-02-06,16.73
2014-02-05,16.545
2014-02-04,16.7
2014-02-03,16.32
2014-01-31,17.14
2014-01-30,17.27
2014-01-29,17.125
2014-01-28,17.275
2014-01-27,17.28
2014-01-24,17.355
2014-01-23,17.87
2014-01-22,18.135
2014-01-21,17.95
2014-01-17,17.87
2014-01-16,17.88
2014-01-15,17.99
2014-01-14,18.055
2014-01-13,17.9
2014-01-10,18.155
2014-01-09,18.03
2014-01-08,18.12
2014-01-07,18.187
2014-01-06,18.16
2014-01-03,18.155
2014-01-02,18.305
2013-12-31,18.325
2013-12-30,18.29
2013-12-27,18.14
2013-12-26,18.03
2013-12-24,18.025
2013-12-23,17.995
2013-12-20,17.845
2013-12-19,17.815
2013-12-18,18.01
2013-12-17,17.76
2013-12-16,17.81
2013-12-13,17.63
2013-12-12,17.57
2013-12-11,17.595
2013-12-10,17.68
2013-12-09,17.825
2013-12-06,17.88
2013-12-05,17.635
2013-12-04,17.73
2013-12-03,17.615
2013-12-02,17.365
2013-11-29,17.215
2013-11-27,17.255
2013-11-26,16.945
2013-11-25,16.25
2013-11-22,16.42
2013-11-21,16.43
2013-11-20,16.29
2013-11-19,16.26
2013-11-18,16.495
2013-11-15,16.27
2013-11-14,16.01
2013-11-13,15.8
2013-11-12,15.78
2013-11-11,15.745
2013-11-08,15.615
2013-11-07,15.58
2013-11-06,15.92
2013-11-05,15.805
2013-11-04,16.085
2013-11-01,16.005
2013-10-31,16.115
2013-10-30,16.165
2013-10-29,16.4
2013-10-28,16.345
2013-10-25,16.335
2013-10-24,16.225
2013-10-23,16.17
2013-10-22,16.345
2013-10-21,16.425
2013-10-18,16.27
2013-10-17,16.32
2013-10-16,16.245
2013-10-15,16.195
2013-10-14,16.435
2013-10-11,16.29
2013-10-10,16.195
2013-10-09,15.995
2013-10-08,16.015
2013-10-07,16.26
2013-10-04,16.535
2013-10-03,16.55
2013-10-02,16.58
2013-10-01,16.405
2013-09-30,15.895
2013-09-27,15.495
2013-09-26,15.495
2013-09-25,15.53
2013-09-24,17.045
2013-09-23,17.17
2013-09-20,16.875
2013-09-19,17.005
2013-09-18,16.745
2013-09-17,16.825
2013-09-16,16.64
2013-09-13,16.685
2013-09-12,16.69
2013-09-11,16.645
2013-09-10,16.71
2013-09-09,16.465
2013-09-06,16.165
2013-09-05,15.98
2013-09-04,16.0425
2013-09-03,15.915
2013-08-30,15.885
2013-08-29,16.1
2013-08-28,16.085
2013-08-27,16.075
2013-08-26,16.375
2013-08-23,16.355
2013-08-22,16.485
2013-08-21,16.27
2013-08-20,16.36
2013-08-19,16.215
2013-08-16,16.225
2013-08-15,16.28
2013-08-14,16.56
2013-08-13,16.645
2013-08-12,16.59
2013-08-09,16.5
2013-08-08,16.395
2013-08-07,16.25
2013-08-06,16.4
2013-08-05,16.595
2013-08-02,16.605
2013-08-01,16.6
2013-07-31,16.255
2013-07-30,16.265
2013-07-29,16.1
2013-07-26,16.19
2013-07-25,16.19
2013-07-24,16.175
2013-07-23,16.255
2013-07-22,16.32
2013-07-19,16.235
2013-07-18,16.27
2013-07-17,16.39
2013-07-16,15.925
2013-07-15,16.25
2013-07-12,16.195
2013-07-11,16.075
2013-07-10,15.91
2013-07-09,16.065
2013-07-08,16.02
2013-07-05,15.98
2013-07-03,15.69
2013-07-02,15.685
2013-07-01,15.645
2013-06-28,15.4
2013-06-27,15.405
2013-06-26,15.215
2013-06-25,15.16
2013-06-24,15.07
2013-06-21,15.45
2013-06-20,15.555
2013-06-19,15.795
2013-06-18,15.95
2013-06-17,15.785
2013-06-14,15.545
2013-06-13,15.62
2013-06-12,15.365
2013-06-11,15.725
2013-06-10,16.1
2013-06-07,16.14
2013-06-06,17.21
2013-06-05,17.355
2013-06-04,17.735
2013-06-03,17.86
2013-05-31,17.195
2013-05-30,18.36
2013-05-29,18.45
2013-05-28,18.675
2013-05-24,18.435
2013-05-23,18.41
2013-05-22,18.305
2013-05-21,18.52
2013-05-20,18.59
2013-05-17,19.045
2013-05-16,18.34
2013-05-15,18.5
2013-05-14,18.455
2013-05-13,18.195
2013-05-10,17.99
2013-05-09,17.73
2013-05-08,17.585
2013-05-07,17.7075
2013-05-06,17.7
2013-05-03,17.695
2013-05-02,17.67
2013-05-01,17.67
2013-04-30,17.625
2013-04-29,17.465
2013-04-26,17.295
2013-04-25,17.27
2013-04-24,17.055
2013-04-23,17.065
2013-04-22,16.615
2013-04-19,16.41
2013-04-18,16.045
2013-04-17,16.235
2013-04-16,16.645
2013-04-15,16.36
2013-04-12,16.885
2013-04-11,17.015
2013-04-10,17.05
2013-04-09,16.695
2013-04-08,16.695
2013-04-05,16.65
2013-04-04,16.695
2013-04-03,16.55
2013-04-02,16.795
2013-04-01,16.925
2013-03-28,17.135
2013-03-27,17.095
2013-03-26,17.155
2013-03-25,17.065
2013-03-22,17.04
2013-03-21,16.915
2013-03-20,17.255
2013-03-19,17.355
2013-03-18,17.185
2013-03-15,17.125
2013-03-14,17.06
2013-03-13,16.945
2013-03-12,16.105
2013-03-11,16.17
2013-03-08,15.925
2013-03-07,16.075
2013-03-06,16.755
2013-03-05,16.68
2013-03-04,16.745
2013-03-01,17.0
2013-02-28,17.07
2013-02-27,17.595
2013-02-26,17.275
2013-02-25,17.155
2013-02-22,17.21
2013-02-21,17.29
2013-02-20,17.475
2013-02-19,17.945
2013-02-15,18.16
2013-02-14,17.97
2013-02-13,17.87
2013-02-12,17.815
2013-02-11,17.92
2013-02-08,18.0
2013-02-07,18.0
2013-02-06,18.29
2013-02-05,18.24
2013-02-04,17.785
2013-02-01,17.9
2013-01-31,17.955
2013-01-30,16.915
2013-01-29,16.99
2013-01-28,16.95
2013-01-25,16.5
2013-01-24,16.175
2013-01-23,16.125
2013-01-22,15.9925
2013-01-18,15.895
2013-01-17,15.845
2013-01-16,15.77
2013-01-15,15.91
2013-01-14,15.94
2013-01-11,15.835
2013-01-10,15.52
2013-01-09,15.43
2013-01-08,15.22
2013-01-07,15.415
2013-01-04,15.24
2013-01-03,15.12085
2013-01-02,15.23
2012-12-31,14.75
2012-12-28,14.56
2012-12-27,14.775
2012-12-26,14.725
2012-12-24,14.92
2012-12-21,14.995
2012-12-20,15.205
2012-12-19,15.14
2012-12-18,15.23
2012-12-17,15.1075
2012-12-14,15.105
2012-12-13,15.2
2012-12-12,15.055
2012-12-11,15.145
2012-12-10,15.11
2012-12-07,15.035
2012-12-06,15.025
2012-12-05,15.01
2012-12-04,15.14
2012-12-03,15.15
2012-11-30,15.075
2012-11-29,15.075
2012-11-28,14.94
2012-11-27,14.885
2012-11-26,14.93
2012-11-23,15.3
2012-11-21,15.125
2012-11-20,14.995
2012-11-19,14.79
2012-11-16,14.715
2012-11-15,14.53
2012-11-14,14.69
2012-11-13,14.84
2012-11-12,14.745
2012-11-09,14.715
2012-11-08,14.355
2012-11-07,14.40995
2012-11-06,14.545
2012-11-05,14.375
2012-11-02,14.495
2012-11-01,14.8425
2012-10-31,14.395
2012-10-26,13.65
2012-10-25,13.67
2012-10-24,13.51
2012-10-23,13.43
2012-10-22,13.48
2012-10-19,13.585
2012-10-18,13.675
2012-10-17,13.6375
2012-10-16,13.395
2012-10-15,13.37
2012-10-12,13.36
2012-10-11,13.435
2012-10-10,13.445
2012-10-09,13.57
2012-10-08,13.685
2012-10-05,13.73
2012-10-04,13.755
2012-10-03,13.685
2012-10-02,13.695
2012-10-01,13.725
2012-09-28,13.8625
2012-09-27,13.885
2012-09-26,13.9125
2012-09-25,13.7
2012-09-24,13.735
2012-09-21,13.78
2012-09-20,13.8
2012-09-19,13.675
2012-09-18,13.855
2012-09-17,13.87
2012-09-14,13.875
2012-09-13,13.95
2012-09-12,13.975
2012-09-11,13.905
2012-09-10,13.655
2012-09-07,13.625
2012-09-06,13.845
2012-09-05,13.76
2012-09-04,13.82
2012-08-31,13.355
2012-08-30,13.24
2012-08-29,13.29
2012-08-28,13.205
2012-08-27,13.03
2012-08-24,13.015
2012-08-23,13.09
2012-08-22,13.04
2012-08-21,12.95
2012-08-20,12.9875
2012-08-17,13.005
2012-08-16,13.025
2012-08-15,12.71
2012-08-14,12.575
2012-08-13,12.615
2012-08-10,12.535
2012-08-09,12.5
2012-08-08,12.355
2012-08-07,12.185
2012-08-06,12.01
2012-08-03,12.035
2012-08-02,11.755
2012-08-01,11.81
2012-07-31,11.88
2012-07-30,11.98
2012-07-27,12.17
2012-07-26,11.945
2012-07-25,11.75
2012-07-24,11.8175
2012-07-23,12.02
2012-07-20,12.19
2012-07-19,12.28
2012-07-18,12.195
2012-07-17,11.975
2012-07-16,11.97
2012-07-13,12.08
2012-07-12,12.035
2012-07-11,12.045
2012-07-10,11.935
2012-07-09,11.98
2012-07-06,12.055
2012-07-05,12.185
2012-07-03,12.18
2012-07-02,12.09
2012-06-29,11.845
2012-06-28,11.61
2012-06-27,11.465
2012-06-26,11.475
2012-06-25,11.465
2012-06-22,11.675
2012-06-21,11.715
2012-06-20,11.96
2012-06-19,12.04
2012-06-18,11.895
2012-06-15,11.65
2012-06-14,11.73
2012-06-13,11.91
2012-06-12,12.105
2012-06-11,12.155
2012-06-08,12.335
2012-06-07,12.33
2012-06-06,12.395
2012-06-05,12.48
2012-06-04,12.655
2012-06-01,12.97
2012-05-31,13.555
2012-05-30,13.775
2012-05-29,13.645
2012-05-25,13.53
2012-05-24,13.62
2012-05-23,13.5
2012-05-22,13.38
2012-05-21,13.13
2012-05-18,12.855
2012-05-17,13.05
2012-05-16,13.15
2012-05-15,13.095
2012-05-14,12.94
2012-05-11,13.235
2012-05-10,13.15
2012-05-09,13.15
2012-05-08,13.24
2012-05-07,13.145
2012-05-04,13.105
2012-05-03,13.19
2012-05-02,13.29
2012-05-01,13.22
2012-04-30,13.205
2012-04-27,13.315
2012-04-26,13.265
2012-04-25,13.225
2012-04-24,13.11
2012-04-23,13.11
2012-04-20,13.28
2012-04-19,13.185
2012-04-18,13.3
2012-04-17,13.15
2012-04-16,13.03
2012-04-13,12.82
2012-04-12,12.82
2012-04-11,12.575
2012-04-10,12.31
2012-04-09,12.6525
2012-04-05,12.735
2012-04-04,12.835
2012-04-03,13.04
2012-04-02,13.035
2012-03-30,13.035
2012-03-29,13.12
2012-03-28,13.21
2012-03-27,13.2725
2012-03-26,13.375
2012-03-23,13.215
2012-03-22,13.185
2012-03-21,13.1875
2012-03-20,13.1525
2012-03-19,13.205
2012-03-16,13.235
2012-03-15,13.25
2012-03-14,13.21
2012-03-13,13.1875
2012-03-12,12.905
2012-03-09,12.79
2012-03-08,12.7
2012-03-07,12.5525
2012-03-06,12.4275
2012-03-05,12.5375
2012-03-02,12.555
2012-03-01,12.705
2012-02-29,12.445
2012-02-28,11.4525
2012-02-27,11.4175
2012-02-24,11.6675
2012-02-23,11.6275
2012-02-22,11.54
2012-02-21,11.5775
2012-02-17,11.5725
2012-02-16,11.66
2012-02-15,11.4925
2012-02-14,11.5075
2012-02-13,11.605
2012-02-10,11.6175
2012-02-09,11.745
2012-02-08,11.6975
2012-02-07,11.69
2012-02-06,11.7275
2012-02-03,11.855
2012-02-02,11.83625
2012-02-01,11.93
2012-01-31,11.76
2012-01-30,11.84
2012-01-27,11.885
2012-01-26,12.0375
2012-01-25,12.17
2012-01-24,12.0775
2012-01-23,12.065
2012-01-20,12.065
2012-01-19,12.11
2012-01-18,12.1125
2012-01-17,12.0325
2012-01-13,12.045
2012-01-12,12.0025
2012-01-11,11.985
2012-01-10,11.9375
2012-01-09,11.78
2012-01-06,11.6475
2012-01-05,11.6125
2012-01-04,11.5775
2012-01-03,11.7575
2011-12-30,11.9725
2011-12-29,11.99
2011-12-28,11.925
2011-12-27,11.9575
2011-12-23,11.9525
2011-12-22,11.8325
2011-12-21,11.765
2011-12-20,11.7225
2011-12-19,11.49
2011-12-16,11.5375
2011-12-15,11.4125
2011-12-14,11.295
2011-12-13,11.32
2011-12-12,11.42
2011-12-09,11.42
2011-12-08,11.2525
2011-12-07,11.4
2011-12-06,11.36
2011-12-05,11.4325
2011-12-02,11.305
2011-12-01,11.2625
2011-11-30,11.2325
2011-11-29,10.8575
2011-11-28,10.7
2011-11-25,10.5775
2011-11-23,10.525
2011-11-22,10.655
2011-11-21,10.7175
2011-11-18,10.925
2011-11-17,10.89
2011-11-16,10.88
2011-11-15,11.055
2011-11-14,10.885
2011-11-11,11.0025
2011-11-10,10.785
2011-11-09,10.6625
2011-11-08,11.105
2011-11-07,10.9575
2011-11-04,11.095
2011-11-03,11.0625
2011-11-02,10.8
2011-11-01,10.5625
2011-10-31,10.8875
2011-10-28,11.075
2011-10-27,11.1925
2011-10-26,10.8875
2011-10-25,10.79
2011-10-24,11.02
2011-10-21,10.845
2011-10-20,10.605
2011-10-19,10.5225
2011-10-18,10.63
2011-10-17,10.4525
2011-10-14,10.7475
2011-10-13,10.705
2011-10-12,10.69
2011-10-11,10.5125
2011-10-10,10.52
2011-10-07,10.1225
2011-10-06,10.235
2011-10-05,10.075
2011-10-04,9.8425
2011-10-03,9.4825
2011-09-30,9.78
2011-09-29,9.925
2011-09-28,9.6475
2011-09-27,9.8025
2011-09-26,9.69
2011-09-23,9.3725
2011-09-22,9.2575
2011-09-21,9.4125
2011-09-20,9.9575
2011-09-19,10.125
2011-09-16,10.33
2011-09-15,10.3075
2011-09-14,10.5575
2011-09-13,10.345
2011-09-12,10.23
2011-09-09,10.2175
2011-09-08,10.3525
2011-09-07,10.605
2011-09-06,10.3
2011-09-02,10.3325
2011-09-01,10.585
2011-08-31,10.76
2011-08-30,10.6075
2011-08-29,10.5225
2011-08-26,10.245
2011-08-25,10.0225
2011-08-24,10.195
2011-08-23,10.05
2011-08-22,9.755
2011-08-19,9.745
2011-08-18,9.77
2011-08-17,10.175
2011-08-16,10.16
2011-08-15,10.0975
2011-08-12,9.9625
2011-08-11,9.965
2011-08-10,9.49
2011-08-09,9.8
2011-08-08,9.405
2011-08-05,10.0975
2011-08-04,10.25
2011-08-03,10.6075
2011-08-02,10.5825
2011-08-01,10.8475
2011-07-29,10.8625
2011-07-28,10.945
2011-07-27,10.995
2011-07-26,11.1975
2011-07-25,11.3475
2011-07-22,11.4475
2011-07-21,11.39
2011-07-20,11.3225
2011-07-19,11.3575
2011-07-18,11.2625
2011-07-15,11.3825
2011-07-14,11.4025
2011-07-13,11.4875
2011-07-12,11.6025
2011-07-11,11.6975
2011-07-08,11.895
2011-07-07,11.95
2011-07-06,11.8175
2011-07-05,11.78
2011-07-01,11.7975
2011-06-30,11.65
2011-06-29,11.5325
2011-06-28,11.49
2011-06-27,11.3575
2011-06-24,11.24
2011-06-23,11.375
2011-06-22,11.39
2011-06-21,11.2625
2011-06-20,11.1075
2011-06-17,11.1675
2011-06-16,11.1625
2011-06-15,11.075
2011-06-14,11.1125
2011-06-13,10.96
2011-06-10,10.905
2011-06-09,11.1075
2011-06-08,10.98
2011-06-07,11.025
2011-06-06,10.9125
2011-06-03,10.9725
2011-06-02,11.1025
2011-06-01,11.5475
2011-05-31,11.75
2011-05-27,11.615
2011-05-26,11.6525
2011-05-25,11.5625
2011-05-24,11.5525
2011-05-23,11.5425
2011-05-20,11.59
2011-05-19,11.66
2011-05-18,11.65
2011-05-17,11.495
2011-05-16,11.4825
2011-05-13,11.565
2011-05-12,11.62
2011-05-11,11.4575
2011-05-10,11.525
2011-05-09,11.4025
2011-05-06,11.3825
2011-05-05,11.335
2011-05-04,11.365
2011-05-03,11.3225
2011-05-02,11.2375
2011-04-29,11.345
2011-04-28,11.1075
2011-04-27,11.08
2011-04-26,11.065
2011-04-25,11.0625
2011-04-21,11.075
2011-04-20,11.1075
2011-04-19,11.0025
2011-04-18,11.015
2011-04-15,11.185
2011-04-14,11.1175
2011-04-13,11.145
2011-04-12,11.0725
2011-04-11,11.0975
2011-04-08,10.99
2011-04-07,10.985
2011-04-06,11.025
2011-04-05,10.9925
2011-04-04,11.0025
2011-04-01,10.84
2011-03-31,10.8325
2011-03-30,10.7425
2011-03-29,10.7325
2011-03-28,10.4675
2011-03-25,10.525
2011-03-24,10.435
2011-03-23,10.365
2011-03-22,10.35
2011-03-21,10.2725
2011-03-18,10.2275
2011-03-17,10.115
2011-03-16,10.0275
2011-03-15,10.14
2011-03-14,10.26
2011-03-11,10.1875
2011-03-10,10.195
2011-03-09,10.4275
2011-03-08,10.325
2011-03-07,10.1925
2011-03-04,10.28
2011-03-03,10.3625
2011-03-02,10.2925
2011-03-01,10.2175
2011-02-28,10.5025
2011-02-25,10.2975
2011-02-24,10.1275
2011-02-23,10.0375
2011-02-22,10.1375
2011-02-18,10.3525
2011-02-17,10.33
2011-02-16,10.2475
2011-02-15,10.1825
2011-02-14,10.28
2011-02-11,10.2775
2011-02-10,10.2125
2011-02-09,10.18
2011-02-08,10.1875
2011-02-07,10.09
2011-02-04,10.04
2011-02-03,9.9475
2011-02-02,9.9
2011-02-01,9.975
2011-01-31,9.8125
2011-01-28,9.7775
2011-01-27,9.905
2011-01-26,10.095
2011-01-25,9.8825
2011-01-24,9.985
2011-01-21,10.08
2011-01-20,9.8125
2011-01-19,9.8575
2011-01-18,9.89
2011-01-14,9.39
2011-01-13,9.405
2011-01-12,9.3625
2011-01-11,9.365
2011-01-10,9.35
2011-01-07,9.345
2011-01-06,9.3625
2011-01-05,9.3725
2011-01-04,9.3625
2011-01-03,9.385
2010-12-31,9.3375
2010-12-30,9.3725
2010-12-29,9.3725
2010-12-28,9.36
2010-12-27,9.345
2010-12-23,9.3225
2010-12-22,9.345
2010-12-21,9.33
2010-12-20,9.345
2010-12-17,9.315
2010-12-16,9.3325
2010-12-15,9.2375
2010-12-14,8.81
2010-12-13,8.7025
2010-12-10,8.6075
2010-12-09,8.48
2010-12-08,8.3625
2010-12-07,8.39
2010-12-06,8.3775
2010-12-03,8.35
2010-12-02,8.28
2010-12-01,8.4525
2010-11-30,8.87
2010-11-29,9.02
2010-11-26,8.9725
2010-11-24,9.01
2010-11-23,8.755
2010-11-22,8.8325
2010-11-19,8.725
2010-11-18,8.705
2010-11-17,8.615
2010-11-16,8.5925
2010-11-15,8.6425
2010-11-12,8.7175
2010-11-11,8.7925
2010-11-10,8.6925
2010-11-09,8.625
2010-11-08,8.67
2010-11-05,8.6225
2010-11-04,8.595
2010-11-03,8.525
2010-11-02,8.55
2010-11-01,8.4675
2010-10-29,8.465
2010-10-28,8.3925
2010-10-27,8.4375
2010-10-26,8.4425
2010-10-25,8.4625
2010-10-22,8.465
2010-10-21,8.3975
2010-10-20,8.4575
2010-10-19,8.3725
2010-10-18,8.53
2010-10-15,8.555
2010-10-14,8.545
2010-10-13,8.5675
2010-10-12,8.5775
2010-10-11,8.5925
2010-10-08,8.52375
2010-10-07,8.4125
2010-10-06,8.3975
2010-10-05,8.3725
2010-10-04,8.19
2010-10-01,8.2
2010-09-30,8.2425
2010-09-29,8.2325
2010-09-28,8.2825
2010-09-27,8.405
2010-09-24,8.475
2010-09-23,8.0475
2010-09-22,9.015
2010-09-21,9.0575
2010-09-20,9.08
2010-09-17,8.94
2010-09-16,8.9725
2010-09-15,8.8425
2010-09-14,8.74
2010-09-13,8.6875
2010-09-10,8.585
2010-09-09,8.635
2010-09-08,8.585
2010-09-07,8.5375
2010-09-03,8.6
2010-09-02,8.5375
2010-09-01,8.505
2010-08-31,8.2625
2010-08-30,8.3125
2010-08-27,8.375
2010-08-26,8.2525
2010-08-25,8.2575
2010-08-24,8.215
2010-08-23,8.3275
2010-08-20,8.5025
2010-08-19,8.445
2010-08-18,8.595
2010-08-17,8.66
2010-08-16,8.5
2010-08-13,8.5125
2010-08-12,8.6275
2010-08-11,8.6725
2010-08-10,8.815
2010-08-09,8.985
2010-08-06,8.8325
2010-08-05,9.0125
2010-08-04,9.06
2010-08-03,9.0325
2010-08-02,9.105
2010-07-30,9.11
2010-07-29,9.11
2010-07-28,9.1375
2010-07-27,9.25
2010-07-26,9.2825
2010-07-23,9.1725
2010-07-22,9.0175
2010-07-21,8.8525
2010-07-20,8.9425
2010-07-19,8.89
2010-07-16,8.8625
2010-07-15,9.1075
2010-07-14,9.125
2010-07-13,9.1675
2010-07-12,8.9375
2010-07-09,8.9625
2010-07-08,8.92
2010-07-07,8.825
2010-07-06,8.6775
2010-07-02,8.735
2010-07-01,8.7975
2010-06-30,8.9525
2010-06-29,9.0575
2010-06-28,9.205
2010-06-25,9.0875
2010-06-24,9.0425
2010-06-23,9.0975
2010-06-22,9.0675
2010-06-21,9.3175
2010-06-18,9.325
2010-06-17,9.3125
2010-06-16,9.315
2010-06-15,9.2675
2010-06-14,9.2075
2010-06-11,9.2125
2010-06-10,9.19
2010-06-09,8.9675
2010-06-08,8.9925
2010-06-07,9.055
2010-06-04,9.155
2010-06-03,9.3125
2010-06-02,9.095
2010-06-01,8.8525
2010-05-28,8.975
2010-05-27,8.955
2010-05-26,8.715
2010-05-25,8.63
2010-05-24,8.76
2010-05-21,8.78
2010-05-20,8.7425
2010-05-19,9.045
2010-05-18,9.2025
2010-05-17,9.295
2010-05-14,9.2
2010-05-13,9.335
2010-05-12,9.27
2010-05-11,9.1375
2010-05-10,9.14
2010-05-07,8.6825
2010-05-06,8.7875
2010-05-05,8.915
2010-05-04,8.925
2010-05-03,9.0225
2010-04-30,8.9225
2010-04-29,8.8975
2010-04-28,8.7775
2010-04-27,8.77
2010-04-26,8.83
2010-04-23,8.8225
2010-04-22,8.77
2010-04-21,8.76
2010-04-20,8.75
2010-04-19,8.6
2010-04-16,8.73
2010-04-15,8.8875
2010-04-14,8.875
2010-04-13,8.82
2010-04-12,8.845
2010-04-09,8.79
2010-04-08,8.8975
2010-04-07,8.985
2010-04-06,9.0025
2010-04-05,8.98
2010-04-01,8.9
2010-03-31,8.9
2010-03-30,8.905
2010-03-29,8.9725
2010-03-26,8.8125
2010-03-25,8.84
2010-03-24,8.9175
2010-03-23,9.075
2010-03-22,9.0075
2010-03-19,8.8175
2010-03-18,8.86
2010-03-17,8.865
2010-03-16,8.8725
2010-03-15,8.88
2010-03-12,8.845
2010-03-11,8.81
2010-03-10,8.785
2010-03-09,8.7375
2010-03-08,8.8775
2010-03-05,8.8475
2010-03-04,8.66
2010-03-03,8.7575
2010-03-02,9.2525
2010-03-01,9.0675
2010-02-26,8.92
2010-02-25,8.95
2010-02-24,8.9425
2010-02-23,8.8775
2010-02-22,9.05
2010-02-19,9.025
2010-02-18,8.9825
2010-02-17,8.86
2010-02-16,8.815
2010-02-12,8.425
2010-02-11,8.3475
2010-02-10,8.265
2010-02-09,8.3025
2010-02-08,8.275
2010-02-05,8.3025
2010-02-04,8.291875
2010-02-03,8.545
2010-02-02,8.6
2010-02-01,8.505
2010-01-29,8.44
2010-01-28,8.5375
2010-01-27,8.665
2010-01-26,8.6575
2010-01-25,8.675
2010-01-22,8.5725
2010-01-21,8.7025
2010-01-20,8.8225
2010-01-19,8.885
2010-01-15,8.7925
2010-01-14,8.935
2010-01-13,8.8675
2010-01-12,8.9375
2010-01-11,9.0025
2010-01-08,9.0375
2010-01-07,9.01
2010-01-06,9.0625
2010-01-05,9.1
