Date,Avg. Close,Guardian Avg. Pos,Guardian Avg. Neu,Guardian Avg. Neg,Reddit Avg. Pos,Reddit Avg. Neu,Reddit Avg. Neg,NYT Avg. Neg,NYT Avg. Neu,NYT Avg. Pos
1/15/2010,6.470837958,0.0818,0.8654,0.052866667,0.087747592,0.86355684,0.048701349,0.034,0.8832,0.0828
1/20/2010,6.442766518,0.078,0.8783,0.0439,0.084297196,0.861242991,0.054452336,0.095,0.8334,0.0716
1/25/2010,6.377976508,0.086875,0.88825,0.02475,0.087172263,0.853605839,0.059211679,0.0759,0.8426,0.0815
1/30/2010,6.240453833,0.088538462,0.872051282,0.039384615,0.089142252,0.85184201,0.059002421,0.0668,0.7854,0.1478
2/4/2010,6.134026739,0.095865385,0.859557692,0.044596154,0.088645238,0.852242857,0.059097619,0.0668,0.8278,0.1054
2/9/2010,5.995312371,0.10772,0.84332,0.04896,0.091285185,0.851790741,0.05692037,0,0.8909,0.1091
2/14/2010,6.018537201,0.092454545,0.863,0.044272727,0.095442006,0.847145768,0.057409091,0.0082,0.8869,0.1049
2/19/2010,6.138066921,0.078416667,0.868083333,0.053333333,0.096610169,0.843121469,0.060271186,0.019,0.9033,0.0777
2/24/2010,6.182487717,0.084866667,0.855733333,0.0594,0.096211221,0.847473597,0.056328383,0.025,0.9037,0.0712
3/1/2010,6.174288912,0.092461538,0.849076923,0.058615385,0.096295567,0.842110837,0.061599754,0.0623,0.8672,0.0704
3/6/2010,6.387491114,0.089142857,0.858785714,0.052071429,0.0908039,0.850371614,0.058826652,0.0481,0.8469,0.105
3/11/2010,6.616504933,0.099636364,0.853272727,0.047090909,0.083848611,0.863516667,0.052631944,0.0237,0.8546,0.1217
3/16/2010,6.872666419,0.107571429,0.845714286,0.046857143,0.090298532,0.84797553,0.061722675,0.0683,0.848,0.0837
3/21/2010,6.893356741,0.07925,0.863875,0.05675,0.103821138,0.836347967,0.05984878,0.0382,0.8718,0.0899
3/26/2010,6.926761773,0.094777778,0.855,0.050222222,0.101874824,0.844074543,0.054068917,0.074,0.8177,0.1081
3/31/2010,7.055030249,0.1026,0.8578,0.0396,0.096450575,0.847557471,0.055986207,0.0813,0.8117,0.1069
4/5/2010,7.186114625,0.080571429,0.873142857,0.046142857,0.095728155,0.843678865,0.060586258,0.0509,0.8612,0.0878
4/10/2010,7.331723476,0.07605,0.87925,0.0445,0.090863729,0.841044068,0.068096949,0.0552,0.8727,0.0721
4/15/2010,7.411090456,0.078117647,0.884352941,0.037352941,0.085648601,0.840406469,0.073952797,0.0323,0.8641,0.1036
4/20/2010,7.542696122,0.076111111,0.879,0.044888889,0.088316157,0.832273362,0.079413974,0.0146,0.9086,0.0768
4/25/2010,7.828124067,0.0768,0.871533333,0.0518,0.090724223,0.835292962,0.073983633,0.0265,0.8994,0.0741
4/30/2010,8.071714179,0.0805,0.86725,0.05225,0.088883302,0.846462998,0.064662239,0.0526,0.8791,0.0684
5/5/2010,8.106245176,0.086846154,0.859076923,0.054076923,0.096196907,0.841857732,0.061956701,0.0397,0.8769,0.0834
5/10/2010,7.80071283,0.082916667,0.875,0.04225,0.100142086,0.841055755,0.058794964,0.0383,0.849,0.1127
5/15/2010,7.764587165,0.087117647,0.869529412,0.043352941,0.097167063,0.833209818,0.069608868,0.0259,0.8677,0.1064
5/20/2010,7.82916811,0.093666667,0.855933333,0.050333333,0.100193129,0.828257196,0.071532033,0,0.9222,0.0778
5/25/2010,7.583434255,0.089,0.867230769,0.043846154,0.099268714,0.838305182,0.062425144,0,0.9327,0.0673
5/30/2010,7.573252646,0.098041667,0.853708333,0.048416667,0.09557596,0.840307179,0.064128548,0,0.8887,0.1113
6/4/2010,7.841106605,0.096344828,0.846275862,0.057482759,0.088613824,0.849084899,0.062293764,0.0533,0.8549,0.0918
6/9/2010,7.902660521,0.092954545,0.855090909,0.052,0.090718224,0.846400459,0.0628683,0.0762,0.8547,0.069
6/14/2010,7.69446614,0.105875,0.8493125,0.044875,0.094101449,0.8458438,0.060047504,0.0229,0.9308,0.0462
6/19/2010,7.962298897,0.091454545,0.855818182,0.052818182,0.087791033,0.857308247,0.05489992,0.0387,0.9341,0.0272
6/24/2010,8.222426721,0.0924,0.8643,0.0435,0.086396181,0.848415274,0.065194113,0.0462,0.8948,0.059
6/29/2010,8.285757629,0.0852,0.8766,0.0384,0.093365343,0.8296787,0.076953069,0.0162,0.9421,0.0417
7/4/2010,7.927354176,0.077611111,0.872777778,0.049611111,0.097263117,0.830436962,0.072303054,0.0415,0.8957,0.0628
7/9/2010,7.757960455,0.086272727,0.857545455,0.056,0.09470954,0.837550256,0.067752129,0.0985,0.8193,0.0822
7/14/2010,7.851241422,0.077875,0.867,0.055125,0.094467255,0.835302428,0.070239146,0.0901,0.8616,0.0483
7/19/2010,7.793368707,0.085823529,0.847588235,0.066588235,0.096726967,0.836065232,0.067220578,0.0421,0.932,0.0259
7/24/2010,7.771787988,0.089222222,0.846388889,0.064388889,0.097357143,0.84079519,0.061842566,0.0194,0.9471,0.0335
7/29/2010,7.887872476,0.095333333,0.845888889,0.058777778,0.094917857,0.846359821,0.058698214,0.0194,0.8474,0.1332
8/3/2010,7.991685626,0.082857143,0.863428571,0.054,0.096979849,0.843082284,0.059929471,0.0084,0.8369,0.1548
8/8/2010,8.001011822,0.077416667,0.86025,0.062416667,0.095342391,0.849956522,0.054701863,0.0181,0.8465,0.1355
8/13/2010,7.944861082,0.082,0.858,0.059928571,0.090265753,0.855136073,0.054598174,0.016,0.8778,0.1062
8/18/2010,7.772634079,0.0906,0.869,0.0405,0.091042802,0.851536965,0.057410506,0.0264,0.9267,0.0469
8/23/2010,7.683437161,0.1106,0.8594,0.0302,0.087642546,0.858482999,0.053860506,0.0357,0.8804,0.0839
8/28/2010,7.535185668,0.089777778,0.864777778,0.045444444,0.085009623,0.864188009,0.050799408,0.0875,0.8269,0.0855
9/2/2010,7.471238058,0.082642857,0.8745,0.042928571,0.088389147,0.860772093,0.050848062,0.0622,0.8708,0.0669
9/7/2010,7.657561281,0.08475,0.865833333,0.049333333,0.089527273,0.862002372,0.048489328,0.0165,0.8829,0.1007
9/12/2010,7.974387273,0.0872,0.8537,0.0588,0.09303974,0.859689376,0.047280616,0.0129,0.8734,0.1137
9/17/2010,8.172320352,0.089375,0.8565,0.053875,0.095994915,0.852455085,0.05155,0.0601,0.8247,0.115
9/22/2010,8.44121616,0.094,0.8615,0.044333333,0.095786364,0.847288636,0.056930303,0.0672,0.8329,0.0998
9/27/2010,8.758493985,0.105428571,0.853142857,0.041428571,0.098512408,0.841081154,0.060405768,0.0751,0.8609,0.0641
10/2/2010,8.830811849,0.108833333,0.844333333,0.046833333,0.099867368,0.837324912,0.062809825,0.0566,0.8589,0.0845
10/7/2010,8.783906699,0.087333333,0.869666667,0.043,0.091772045,0.844408068,0.063833959,0.0571,0.8288,0.114
10/12/2010,8.8816296,0.0922,0.8696,0.0384,0.080446429,0.868774802,0.050781746,0.0383,0.8602,0.1014
10/17/2010,9.187487294,0.092285714,0.872,0.035857143,0.082608853,0.868214078,0.049167634,0.0686,0.878,0.0534
10/22/2010,9.454995798,0.0905,0.8705,0.039,0.083769683,0.861128085,0.055090482,0.0781,0.8338,0.0881
10/27/2010,9.52754689,0.0982,0.8468,0.0549,0.08318297,0.859921886,0.056888107,0.0096,0.8991,0.0913
11/1/2010,9.408717585,0.10625,0.82025,0.07325,0.085186415,0.85690566,0.057911698,0.0096,0.8981,0.0923
11/6/2010,9.503052465,0.057666667,0.868,0.074666667,0.086770351,0.857576439,0.055653872,0.0287,0.8592,0.1121
11/11/2010,9.651521467,0.073833333,0.863,0.063333333,0.088207343,0.855191505,0.056596832,0.0228,0.93,0.0472
11/16/2010,9.644343674,0.102166667,0.856166667,0.0415,0.092485407,0.844870968,0.062632873,0.0263,0.9251,0.0486
11/21/2010,9.426959086,0.096666667,0.861416667,0.041833333,0.094687724,0.840629576,0.064681981,0.0087,0.9197,0.0716
11/26/2010,9.449616566,0.09,0.871764706,0.038058824,0.088475746,0.854617537,0.056908582,0.0188,0.9235,0.0577
12/1/2010,9.621083019,0.088533333,0.874933333,0.0364,0.085704478,0.865775373,0.048522388,0.0264,0.9034,0.0702
12/6/2010,9.698388233,0.087857143,0.868285714,0.044,0.095042353,0.85702902,0.047939608,0.0343,0.8734,0.0924
12/11/2010,9.794338436,0.08575,0.88025,0.03425,0.095566913,0.851583053,0.052854069,0.0477,0.8294,0.1229
12/16/2010,9.833989025,0.082428571,0.879857143,0.038,0.096109474,0.849154386,0.054736842,0.0576,0.8431,0.0992
12/21/2010,9.858986553,0.090666667,0.858,0.0515,0.094914879,0.852555017,0.052534256,0.0882,0.8268,0.0849
12/26/2010,9.91346613,0.091714286,0.837,0.071142857,0.093113731,0.856505548,0.05038835,0.0704,0.7996,0.1299
12/31/2010,9.966944069,0.0865,0.85075,0.0625,0.098456266,0.846532637,0.05501436,0,0.8359,0.1641
1/5/2011,10.01280737,0.081,0.8548,0.064,0.09891415,0.840769094,0.060309651,0.0134,0.8447,0.1419
1/10/2011,10.17056162,0.07825,0.870875,0.051,0.096738113,0.849463396,0.053787925,0.0134,0.8944,0.0922
1/15/2011,10.46547168,0.080285714,0.884928571,0.035,0.094450627,0.850250784,0.055298589,0.0386,0.9191,0.0423
1/20/2011,10.53765812,0.087521739,0.853478261,0.059043478,0.093051948,0.845773449,0.061170274,0.0188,0.9133,0.0679
1/25/2011,10.29512,0.09605,0.83595,0.06785,0.097512403,0.845355039,0.057110078,0.043,0.8519,0.1051
1/30/2011,10.35887679,0.0942,0.8579,0.0478,0.098607629,0.843536104,0.05784673,0.0538,0.881,0.0651
2/4/2011,10.50441216,0.086888889,0.869,0.044222222,0.093411976,0.844758683,0.061833533,0.0095,0.946,0.0445
2/9/2011,10.64085603,0.0944,0.8674,0.0382,0.091639381,0.846227139,0.062126844,0.0145,0.9218,0.0637
2/14/2011,10.86587354,0.085888889,0.859222222,0.054888889,0.085668567,0.856014658,0.058307818,0.0515,0.8561,0.0924
2/19/2011,10.98018085,0.0839,0.8604,0.0558,0.085911221,0.855003699,0.059091862,0.0586,0.8516,0.0898
2/24/2011,10.84532169,0.07475,0.878916667,0.046333333,0.082460079,0.862694071,0.054860079,0.0121,0.9331,0.0548
3/1/2011,10.59690973,0.0876875,0.86175,0.0505,0.078981373,0.868228431,0.052795098,0.0246,0.8732,0.1022
3/6/2011,10.81435135,0.091333333,0.871066667,0.037666667,0.090238668,0.85572803,0.054022202,0.0441,0.8634,0.0925
3/11/2011,10.86744728,0.083333333,0.88525,0.0315,0.094038615,0.852868176,0.053087883,0.0575,0.8925,0.0501
3/16/2011,10.79680441,0.093571429,0.875571429,0.030857143,0.091394058,0.849345582,0.059263487,0.0515,0.9045,0.044
3/21/2011,10.47266866,0.091666667,0.888833333,0.019666667,0.089323404,0.841217872,0.069461277,0.056,0.8743,0.0697
3/26/2011,10.40787661,0.085052632,0.872631579,0.042210526,0.087031017,0.844885856,0.068082506,0.0204,0.8707,0.1089
3/31/2011,10.61787503,0.081304348,0.872826087,0.045695652,0.089290409,0.846432504,0.064279751,0.0283,0.8641,0.1074
4/5/2011,10.66708322,0.074454545,0.878727273,0.046636364,0.102801953,0.838527197,0.058690377,0.0279,0.8506,0.1213
4/10/2011,10.45940976,0.087142857,0.87,0.042714286,0.093585499,0.845722298,0.060694938,0.0193,0.954,0.0267
4/15/2011,10.29387636,0.0816,0.8714,0.0468,0.093950378,0.847851976,0.058207738,0.031,0.94,0.029
4/20/2011,10.21635181,0.0755,0.87475,0.0495,0.091612378,0.852506515,0.055897394,0.0596,0.8674,0.073
4/25/2011,10.38070693,0.080384615,0.876153846,0.043307692,0.084278245,0.86211578,0.05359944,0.0271,0.8702,0.1027
4/30/2011,10.7192689,0.0795,0.872222222,0.048111111,0.08563363,0.86635078,0.048004454,0.0271,0.9156,0.0573
5/5/2011,10.72642092,0.0774,0.862066667,0.060533333,0.091342665,0.857097424,0.051567749,0.031,0.9148,0.0542
5/10/2011,10.67103676,0.0889375,0.8603125,0.050875,0.088761229,0.852619385,0.058628054,0.0139,0.8895,0.0966
5/15/2011,10.63677637,0.098875,0.8669375,0.03425,0.0867526,0.858178306,0.055061664,0,0.8675,0.1325
5/20/2011,10.49258992,0.088461538,0.876230769,0.035307692,0.092924896,0.849333102,0.057725313,0.0677,0.857,0.0753
5/25/2011,10.31606227,0.079642857,0.865714286,0.054785714,0.097178822,0.840798738,0.062012623,0.0608,0.8419,0.0973
,,,,,,,,,,
,,,,,,,,,,
,,,,,,,,,,
,,,,,,,,,,
,,,,,,,,,,
,,,,,,,,,,
,,,,,,,,,,
,,,,,,,,,,
,,,,,,,,,,
,,,,,,,,,,
,,,,,,,,,,
,,,,,,,,,,
,,,,,,,,,,
,,,,,,,,,,
,,,,,,,,,,
,,,,,,,,,,
,,,,,,,,,,
,,,,,,,,,,
,,,,,,,,,,
,,,,,,,,,,
,,,,,,,,,,
,,,,,,,,,,
,,,,,,,,,,
,,,,,,,,,,
,,,,,,,,,,
,,,,,,,,,,
,,,,,,,,,,
,,,,,,,,,,
,,,,,,,,,,
,,,,,,,,,,
,,,,,,,,,,
